2	экскурсия казбеги из тбилиси	sputnik8.com	https://sakhva-travel.com/ekskursiya/ekskursiya-kazbegi-iz-tbilisi/
2	экскурсия кахетия из тбилиси	sputnik8.com	https://sakhva-travel.com/ekskursiya/ekskursiya-kakheti-iz-tbilisi/
1	экскурсия мцхета из тбилиси	sakhva-travel.com	https://sakhva-travel.com/ekskursiya/ekskursiya-mtskheta-iz-tbilisi/
1	ночная экскурсия тбилиси	sakhva-travel.com	https://sakhva-travel.com/ekskursiya/nochnaya-ekskursiya-tbilisi/
4	винный тур кахетия	tbiligeorgia.com	https://sakhva-travel.com/vinnye-tury-gruzia/
2	экскурсия боржоми из тбилиси	sputnik8.com	https://sakhva-travel.com/ekskursiya/ekskursiya-borjomi-iz-tbilisi/
1	экскурсия гори уплисцихе	sakhva-travel.com	https://sakhva-travel.com/ekskursiya/ekskursiya-gori-iz-tbilisi/
99	фотосессия в тбилиси	avito.ru	
99	джвари мцхета экскурсия	sputnik8.com	
99	гид в тбилиси на русском	guidego.ru	
99	сколько стоит гид в тбилиси	travel-mania.org	
99	индивидуальный гид тбилиси	guidego.ru	
99	экскурсии из тбилиси на русском	tbilisi-tours.ru	
99	мастер-класс хачапури тбилиси	yandex.ru	
1	тур батуми из тбилиси	sakhva-travel.com	https://sakhva-travel.com/tury-v-batumi/
