позиция Я 12.09,W/мес,фраза,URL
2,18818,грузия туры,https://sakhva-travel.com/tury-v-gruziyu/
2,14799,туры в грузию,https://sakhva-travel.com/tury-v-gruziyu/
2,1826,экскурсии из тбилиси,https://sakhva-travel.com/
2,1721,туры в грузию из москвы,https://sakhva-travel.com/tury-v-gruziyu-iz-moskvy/
2,1214,тур в тбилиси,https://sakhva-travel.com/
2,1045,туры в грузию с перелетом,https://sakhva-travel.com/tury-v-gruziyu/
2,292,тур в грузию гори,https://sakhva-travel.com/ekskursiya/ekskursiya-gori-iz-tbilisi/
2,135,тур в грузию тбилиси,https://sakhva-travel.com/tury-v-gruziyu/
2,103,тур в грузию на двоих,https://sakhva-travel.com/tury-v-gruziyu/
2,61,туры в грузию из владикавказа 2026,https://sakhva-travel.com/tury-v-gruziyu-iz-vladikavkaza/
2,52,винный тур в грузию,https://sakhva-travel.com/vinnye-tury-gruzia/
2,31,гастрономический тур в грузию,https://sakhva-travel.com/ekskursiya/gastronomicheskiy-tur-tbilisi/
2,25,туры в грузию зимой,https://sakhva-travel.com/tury-v-gruziyu-zimoy/
2,,арт тур тбилиси,https://sakhva-travel.com/ekskursiya/art-tur-tbilisi/
2,,горные туры в грузии,https://sakhva-travel.com/gornye-tury-gruzia/
2,,экскурсия сигнахи из тбилиси,https://sakhva-travel.com/ekskursiya/ekskursiya-sighnaghi-iz-tbilisi/
2,,экскурсия телави из тбилиси,https://sakhva-travel.com/ekskursiya/ekskursiya-telavi-iz-tbilisi/
2,,экскурсия джвари,https://sakhva-travel.com/ekskursiya/ekskursiya-jvari-iz-tbilisi/
2,,винный тур тбилиси,https://sakhva-travel.com/ekskursiya/vinniy-tur-tbilisi/
2,,дегустация вина кахетия,https://sakhva-travel.com/blog/degustatsiya-vina-gruziya/
2,,тур виноделие кахетия,https://sakhva-travel.com/vinnye-tury-gruzia/
2,,свадебный тур грузия,https://sakhva-travel.com/ekskursiya/svadebny-tur-gruziya/
2,,конный тур степанцминда,https://sakhva-travel.com/ekskursiya/konny-tur-stepantsminda/
2,,туры в грузию из кисловодска,https://sakhva-travel.com/tury-v-gruziyu-iz-kislovodska/
2,,туры в грузию батуми,https://sakhva-travel.com/ekskursiya/tur-batumi-iz-tbilisi/
2,,туры в тбилиси 2026,https://sakhva-travel.com/ekskursiya/
3,764,тур в грузию из москвы 2026,https://sakhva-travel.com/tury-v-gruziyu-iz-moskvy/
3,339,купить тур в грузию,https://sakhva-travel.com/tury-v-gruziyu/
3,213,тур в грузию цена,https://sakhva-travel.com/tury-v-gruziyu/
3,81,туры в грузию из краснодара 2026,https://sakhva-travel.com/tury-v-gruziyu-iz-krasnodara/
3,,гастрономический тур тбилиси,https://sakhva-travel.com/ekskursiya/gastronomicheskiy-tur-tbilisi/
3,,экскурсия гори из тбилиси,https://sakhva-travel.com/ekskursiya/ekskursiya-gori-iz-tbilisi/
3,,экскурсия давид гареджи,https://sakhva-travel.com/ekskursiya/ekskursiya-david-gareji/
3,,туры в грузию из воронежа,https://sakhva-travel.com/tury-v-gruziyu-iz-voronezha/
3,,туры в грузию из нальчика,https://sakhva-travel.com/tury-v-gruziyu-iz-nalchika/
3,,туры в грузию из владикавказа,https://sakhva-travel.com/tury-v-gruziyu-iz-vladikavkaza/
3,,туры в грузию из ташкента,https://sakhva-travel.com/tury-v-gruziyu-iz-tashkenta/
3,,туры по тбилиси на русском,https://sakhva-travel.com/
3,,клуб гидов грузия,https://sakhva-travel.com/
3,,туры в тбилиси из москвы,https://sakhva-travel.com/tury-v-gruziyu-iz-moskvy/
3,,тур в тбилиси с перелетом,https://sakhva-travel.com/tury-v-gruziyu/
3,,экскурсии на русском в грузии,https://sakhva-travel.com/
4,84,туры в грузию 2026 из ростова,https://sakhva-travel.com/tury-v-gruziyu-iz-rostova/
4,51,туры в грузию тбилиси батуми,https://sakhva-travel.com/ekskursiya/tur-batumi-iz-tbilisi/
4,8,индивидуальные экскурсии из тбилиси,https://sakhva-travel.com/
4,,экскурсия мтацминда,https://sakhva-travel.com/ekskursiya/ekskursiya-mtatsminda/
4,,экскурсия уплисцихе из тбилиси,https://sakhva-travel.com/ekskursiya/ekskursiya-gori-iz-tbilisi/
4,,тур кутаиси из тбилиси,https://sakhva-travel.com/ekskursiya/tur-kutaisi-iz-tbilisi/
4,,винный тур кахетия,https://sakhva-travel.com/vinnye-tury-gruzia/
4,,гид по грузии,https://sakhva-travel.com/
4,,индивидуальные экскурсии в тбилиси,https://sakhva-travel.com/
4,,туры в грузию август 2026,https://sakhva-travel.com/tury-v-gruziyu/
4,,туры из нальчика в грузию,https://sakhva-travel.com/tury-v-gruziyu-iz-nalchika/
5,5749,отдых в грузии,https://sakhva-travel.com/blog/chto-posmotret-v-gruzii/
5,551,тур в грузию из владикавказа,https://sakhva-travel.com/tury-v-gruziyu-iz-vladikavkaza/
5,160,туры в грузию из пятигорска,https://sakhva-travel.com/tury-v-gruziyu-iz-pyatigorska/
5,105,тур в грузию из воронежа,https://sakhva-travel.com/tury-v-gruziyu-iz-voronezha/
5,15,гиды грузия тбилиси,https://sakhva-travel.com/
5,,туры в грузию из еревана,https://sakhva-travel.com/tury-v-gruziyu-iz-erevana/
5,,туры в грузию из казахстана,https://sakhva-travel.com/tury-v-gruziyu-iz-kazahstana/
6,8191,грузия отдых,https://sakhva-travel.com/blog/chto-posmotret-v-gruzii/
6,735,отдых в грузии 2026 для россиян,https://sakhva-travel.com/otdyh-v-gruzii/
6,374,тур в грузию из москвы с авиаперелетом,https://sakhva-travel.com/tury-v-gruziyu-iz-moskvy/
6,200,экскурсионные туры в грузию из москвы,https://sakhva-travel.com/tury-v-gruziyu-iz-moskvy/
6,83,туры в грузию из россии,https://sakhva-travel.com/tury-v-gruziyu/
6,,экскурсия дашбаши из тбилиси,https://sakhva-travel.com/ekskursiya/ekskursiya-dashbashi-iz-tbilisi/
6,,грузия туризм,https://sakhva-travel.com/blog/chto-posmotret-v-gruzii/
6,,экскурсия по тбилиси с гидом,https://sakhva-travel.com/ekskursiya/
6,,тур в грузию из москвы с перелетом,https://sakhva-travel.com/tury-v-gruziyu-iz-moskvy/
7,144,экскурсии тбилиси 2026,https://sakhva-travel.com/ekskursiya/
7,91,экскурсии в тбилиси на русском 2026,https://sakhva-travel.com/tury-v-tbilisi/
7,68,автобусный тур в грузию 2026,https://sakhva-travel.com/tury-v-gruziyu/
7,48,экскурсии из батуми в кутаиси,https://sakhva-travel.com/ekskursiya/ekskursiya-batumi-kutaisi/
7,,трансфер тбилиси батуми,https://sakhva-travel.com/ekskursiya/transfer-tbilisi-batumi/
8,74,туры в грузию из самары 2026,https://sakhva-travel.com/tury-v-gruziyu-iz-samary/
8,65,туры в грузию из перми 2026,https://sakhva-travel.com/tury-v-gruziyu-iz-permi/
8,,частный гид тбилиси,https://sakhva-travel.com/
8,,индивидуальные экскурсии тбилиси на русском,https://sakhva-travel.com/
8,,гид в грузии русскоговорящий,https://sakhva-travel.com/
8,,экскурсии из владикавказа в грузию,https://sakhva-travel.com/tury-v-gruziyu-iz-vladikavkaza/
8,,тур в грузию из самары с перелетом,https://sakhva-travel.com/tury-v-gruziyu-iz-samary/
8,,туры по грузии из тбилиси,https://sakhva-travel.com/ekskursiya/
8,,экскурсии в грузии из тбилиси,https://sakhva-travel.com/
9,172,туры в грузию из армении,https://sakhva-travel.com/tury-v-gruziyu-iz-erevana/
9,121,экскурсии из кутаиси,https://sakhva-travel.com/ekskursiya/ekskursii-iz-kutaisi/
9,59,туры в грузию из казани с перелетом,https://sakhva-travel.com/tury-v-gruziyu-iz-kazani/
9,54,туры в грузию из казани 2026,https://sakhva-travel.com/tury-v-gruziyu-iz-kazani/
9,,экскурсии из батуми в тбилиси,https://sakhva-travel.com/ekskursiya/
9,,тур в тбилиси из москвы с перелетом,https://sakhva-travel.com/tury-v-gruziyu-iz-moskvy/
10,125,тур в грузию из минеральных,https://sakhva-travel.com/tury-v-gruziyu-iz-mineralnyh-vod/
10,51,экскурсии в грузии из тбилиси на русском,https://sakhva-travel.com/
10,6,экскурсии по тбилиси и окрестностям на русском,https://sakhva-travel.com/ekskursiya/
10,,гид в тбилиси,https://sakhva-travel.com/
10,,тур грузия армения,https://sakhva-travel.com/ekskursiya/tur-gruziya-armeniya/
10,,гид в грузии русскоговорящий с машиной,https://sakhva-travel.com/
10,,экскурсии в грузию из пятигорска,https://sakhva-travel.com/tury-v-gruziyu-iz-pyatigorska/
11,437,туры в грузию из краснодара,https://sakhva-travel.com/tury-v-gruziyu-iz-krasnodara/
11,276,туры в грузию из казани,https://sakhva-travel.com/tury-v-gruziyu-iz-kazani/
11,216,экскурсии из тбилиси по грузии,https://sakhva-travel.com/ekskursiya/
11,149,тур в грузию из ростова на дону,https://sakhva-travel.com/tury-v-gruziyu-iz-rostova/
11,98,туры в грузию из новосибирска 2026,https://sakhva-travel.com/tury-v-gruziyu-iz-novosibirska/
11,47,купить тур в грузию из москвы,https://sakhva-travel.com/tury-v-gruziyu-iz-moskvy/
11,,туры в грузию из махачкалы,https://sakhva-travel.com/tury-v-gruziyu-iz-mahachkaly/
12,178,туры в грузию на новый год,https://sakhva-travel.com/ekskursiya/tur-gruziya-noviy-god/
12,166,туры в грузию из екатеринбурга 2026,https://sakhva-travel.com/tury-v-gruziyu-iz-ekaterinburga/
12,154,туры в грузию из самары,https://sakhva-travel.com/tury-v-gruziyu-iz-samary/
12,129,туры в грузию из челябинска,https://sakhva-travel.com/tury-v-gruziyu-iz-chelyabinska/
12,82,экскурсии в батуми 2026,https://sakhva-travel.com/tury-v-batumi/
12,81,экскурсии из тбилиси на день,https://sakhva-travel.com/ekskursiya/
12,64,туры в грузию из тюмени,https://sakhva-travel.com/tury-v-gruziyu-iz-tyumeni/
12,15,экскурсия по тбилиси с гидом на русском,https://sakhva-travel.com/ekskursiya/
12,8,гид в грузии с машиной,https://sakhva-travel.com/
12,,вся грузия тур,https://sakhva-travel.com/ekskursiya/
13,283,туры в грузию в сентябре,https://sakhva-travel.com/blog/gruziya-v-sentyabre/
13,196,туры в грузию из ростова,https://sakhva-travel.com/tury-v-gruziyu-iz-rostova/
13,125,туры в грузию из минеральных вод,https://sakhva-travel.com/tury-v-gruziyu-iz-mineralnyh-vod/
13,116,туры в грузию из сочи,https://sakhva-travel.com/tury-v-gruziyu-iz-sochi/
13,103,туры в грузию из екатеринбурга с авиаперелетом,https://sakhva-travel.com/tury-v-gruziyu-iz-ekaterinburga/
13,78,куда сходить в тбилиси туристу,https://sakhva-travel.com/blog/chto-posmotret-v-tbilisi/
13,,трансфер грузия,https://sakhva-travel.com/ekskursiya/transfer-aeroport-tbilisi/
14,121,туры в грузию из нижнего новгорода 2026,https://sakhva-travel.com/tury-v-gruziyu-iz-nizhnego-novgoroda/
14,19,туры по грузии из тбилиси на русском,https://sakhva-travel.com/
14,,туры в грузию из перми,https://sakhva-travel.com/tury-v-gruziyu-iz-permi/
14,,туры в грузию из ставрополя,https://sakhva-travel.com/tury-v-gruziyu-iz-stavropolya/
15,190,экскурсии из тбилиси на русском,https://sakhva-travel.com/ekskursiya/
15,71,тур в грузию из екатеринбурга с перелетом,https://sakhva-travel.com/tury-v-gruziyu-iz-ekaterinburga/
15,,тур в грузию из спб с перелетом,https://sakhva-travel.com/tury-v-gruziyu-iz-spb/
16,655,туры в грузию из спб,https://sakhva-travel.com/tury-v-gruziyu-iz-spb/
16,196,туры в грузию из новосибирска,https://sakhva-travel.com/tury-v-gruziyu-iz-novosibirska/
16,155,туры в грузию из спб 2026,https://sakhva-travel.com/tury-v-gruziyu-iz-spb/
16,104,туры в грузию из саратова,https://sakhva-travel.com/tury-v-gruziyu-iz-saratova/
16,46,туры в грузию из уфы с перелетом,https://sakhva-travel.com/tury-v-gruziyu-iz-ufy/
17,22,экскурсии из батуми 2026,https://sakhva-travel.com/tury-v-batumi/
17,,горячие туры в грузию,https://sakhva-travel.com/
18,,отдых в тбилиси,https://sakhva-travel.com/blog/chto-posmotret-v-tbilisi/
19,411,туры в грузию из екатеринбурга,https://sakhva-travel.com/tury-v-gruziyu-iz-ekaterinburga/
19,59,туры в грузию из волгограда 2026,https://sakhva-travel.com/tury-v-gruziyu-iz-volgograda/
20,,туры в грузию с авиаперелетом,https://sakhva-travel.com/tury-v-gruziyu-iz-moskvy/
21,207,туры в грузию из санкт петербурга,https://sakhva-travel.com/tury-v-gruziyu-iz-spb/
21,,экскурсии в грузии из батуми,https://sakhva-travel.com/ekskursiya/tur-batumi-iz-tbilisi/
24,26,туры в грузию из москвы все включено,https://sakhva-travel.com/tury-v-gruziyu-iz-moskvy/
24,,отдых в грузии туры,https://sakhva-travel.com/
24,,тур в грузию из волгограда,https://sakhva-travel.com/tury-v-gruziyu-iz-volgograda/
25,1923,экскурсии из батуми,https://sakhva-travel.com/tury-v-batumi/
25,295,экскурсии батуми на русском,https://sakhva-travel.com/tury-v-batumi/
25,290,горящие туры в грузию,https://sakhva-travel.com/
25,200,туры в грузию из уфы,https://sakhva-travel.com/tury-v-gruziyu-iz-ufy/
26,169,туры в грузию из волгограда,https://sakhva-travel.com/tury-v-gruziyu-iz-volgograda/
26,89,экскурсии из батуми на русском,https://sakhva-travel.com/tury-v-batumi/
29,67,экскурсии из батуми по грузии на русском,https://sakhva-travel.com/tury-v-batumi/
29,58,батуми экскурсии в горы,https://sakhva-travel.com/
35,,аджария экскурсии из батуми,https://sakhva-travel.com/tury-v-batumi/
44,40,горящие туры в грузию из москвы,https://sakhva-travel.com/tury-v-gruziyu-iz-moskvy/
52,175,экскурсии из батуми по грузии,https://sakhva-travel.com/
61,,тур в грузию из нижнего,https://sakhva-travel.com/tury-v-gruziyu-iz-nizhnego-novgoroda/
64,,оранжевый гид грузия,https://sakhva-travel.com/blog/gruzinskoe-vino-gid/
65,,туры в грузию в августе,https://sakhva-travel.com/
69,256,туры в грузию из нижнего новгорода,https://sakhva-travel.com/tury-v-gruziyu-iz-nizhnego-novgoroda/
73,323,туры в грузию в октябре,https://sakhva-travel.com/
86,209,тур в грузию на автобусе,https://sakhva-travel.com/
87,,автобусные туры в грузию,https://sakhva-travel.com/
