фраза,группа,позиция Я 12.09,url,GSC показы 28д,GSC клики
туры в тбилиси,Новая группа,1,/,0,0
экскурсии в тбилиси,Новая группа,1,/,0,0
экскурсии по тбилиси,Новая группа,1,/,2,1
гид в тбилиси,Новая группа,10,/,0,0
частный гид тбилиси,Новая группа,8,/,0,0
ночная экскурсия тбилиси,Новая группа,1,/ekskursiya/nochnaya-ekskursiya-tbilisi/,7,0
старый тбилиси экскурсия,Новая группа,1,/ekskursiya/ekskursiya-stary-tbilisi/,0,0
экскурсия абанотубани,Новая группа,1,/ekskursiya/ekskursiya-abanotubani/,0,0
экскурсия нарикала,Новая группа,1,/ekskursiya/ekskursiya-narikala/,0,0
экскурсия мтацминда,Новая группа,4,/ekskursiya/ekskursiya-mtatsminda/,0,0
прогулка по куре тбилиси,Новая группа,7,/ekskursiya/progulka-po-kure-tbilisi/,9,0
фотосессия в тбилиси,Новая группа,>100,,1,0
арт тур тбилиси,Новая группа,2,/ekskursiya/art-tur-tbilisi/,0,0
шоппинг тур тбилиси,Новая группа,1,/ekskursiya/shopping-tur-tbilisi/,0,0
гастрономический тур тбилиси,Новая группа,3,/ekskursiya/gastronomicheskiy-tur-tbilisi/,0,0
туры в грузию,Новая группа,2,/tury-v-gruziyu/,26,0
экскурсионные туры в грузию,Новая группа,1,/,0,0
авторские туры по грузии,Новая группа,1,/tury-v-gruziyu/,5,0
индивидуальный тур в грузию,Новая группа,1,/,0,0
групповой тур в грузию,Новая группа,1,/grupovye-tury-v-gruziyu/,13,0
многодневные туры по грузии,Новая группа,1,/mnogodnevnye-tury-gruzia/,0,0
горные туры в грузии,Новая группа,2,/gornye-tury-gruzia/,0,0
винные туры в грузию,Новая группа,1,/vinnye-tury-gruzia/,1,0
туры в грузию летом,Новая группа,1,/ekskursiya/tur-gruziya-leto/,0,0
туры в грузию зимой,Новая группа,2,/tury-v-gruziyu-zimoy/,0,0
туры в грузию с детьми,Новая группа,1,/tury-v-gruziyu-s-detmi/,6,0
туры в грузию на новый год,Новая группа,12,/ekskursiya/tur-gruziya-noviy-god/,0,0
тур в грузию 3 дня,Новая группа,1,/ekskursiya/tur-gruziya-3-dnya/,0,0
тур в грузию 5 дней,Новая группа,1,/ekskursiya/tur-gruziya-5-dney/,0,0
тур в грузию 7 дней,Новая группа,1,/ekskursiya/tur-gruziya-7-dney/,0,0
тур в грузию 10 дней,Новая группа,1,/ekskursiya/tur-gruziya-10-dney/,0,0
вся грузия тур,Новая группа,12,/ekskursiya/,0,0
тур грузия армения,Новая группа,10,/ekskursiya/tur-gruziya-armeniya/,0,0
тур на казбек,Новая группа,1,/tury-na-kazbek/,0,0
экскурсия казбеги из тбилиси,Новая группа,1,/ekskursiya/ekskursiya-kazbegi-iz-tbilisi/,1,0
туры в сванетию,Новая группа,1,/ekskursiya/tur-svaneti-4-dnya/,27,0
экскурсия сванетия из тбилиси,Новая группа,1,/ekskursiya/ekskursiya-svaneti-iz-tbilisi/,0,0
экскурсия местия ушгули,Новая группа,1,/ekskursiya/tur-svaneti-4-dnya/,0,0
туры в батуми из тбилиси,Новая группа,1,/ekskursiya/tur-batumi-iz-tbilisi/,0,0
экскурсия кахетия из тбилиси,Новая группа,1,/ekskursiya/ekskursiya-kakheti-iz-tbilisi/,2,0
экскурсия сигнахи из тбилиси,Новая группа,2,/ekskursiya/ekskursiya-sighnaghi-iz-tbilisi/,0,0
экскурсия телави из тбилиси,Новая группа,2,/ekskursiya/ekskursiya-telavi-iz-tbilisi/,0,0
экскурсия мцхета из тбилиси,Новая группа,1,/ekskursiya/ekskursiya-mtskheta-iz-tbilisi/,0,0
экскурсия джвари,Новая группа,2,/ekskursiya/ekskursiya-jvari-iz-tbilisi/,0,0
экскурсия ананури из тбилиси,Новая группа,1,/ekskursiya/ekskursiya-ananuri-iz-tbilisi/,0,0
экскурсия гудаури из тбилиси,Новая группа,1,/ekskursiya/ekskursiya-gudauri-iz-tbilisi/,0,0
экскурсия боржоми из тбилиси,Новая группа,1,/ekskursiya/ekskursiya-borjomi-iz-tbilisi/,0,0
экскурсия бакуриани из тбилиси,Новая группа,1,/ekskursiya/ekskursiya-bakuriani-iz-tbilisi/,0,0
экскурсия вардзия,Новая группа,1,/ekskursiya/ekskursiya-vardzia/,2,0
экскурсия уплисцихе из тбилиси,Новая группа,4,/ekskursiya/ekskursiya-gori-iz-tbilisi/,0,0
экскурсия гори из тбилиси,Новая группа,3,/ekskursiya/ekskursiya-gori-iz-tbilisi/,0,0
экскурсия давид гареджи,Новая группа,3,/ekskursiya/ekskursiya-david-gareji/,0,0
экскурсия дашбаши из тбилиси,Новая группа,6,/ekskursiya/ekskursiya-dashbashi-iz-tbilisi/,0,0
экскурсия трусо,Новая группа,1,/ekskursiya/ekskursiya-truso/,0,0
экскурсия рача из тбилиси,Новая группа,1,/ekskursiya/ekskursiya-racha-iz-tbilisi/,0,0
экскурсия тушети,Новая группа,1,/ekskursiya/ekskursiya-tusheti/,0,0
экскурсия хевсуретия шатили,Новая группа,1,/ekskursiya/ekskursiya-hevsuretia-shatili/,0,0
каньоны западной грузии,Новая группа,1,/ekskursiya/ekskursiya-kanyony-zapadnoy-gruzii/,0,0
тур кутаиси из тбилиси,Новая группа,4,/ekskursiya/tur-kutaisi-iz-tbilisi/,0,0
винный тур тбилиси,Новая группа,2,/ekskursiya/vinniy-tur-tbilisi/,16,0
дегустация вина кахетия,Новая группа,2,/blog/degustatsiya-vina-gruziya/,0,0
винный тур кахетия,Новая группа,4,/vinnye-tury-gruzia/,19,0
мастер класс чача,Новая группа,9,/ekskursiya/chacha-master-klass/,0,0
мастер класс хачапури,Новая группа,1,/ekskursiya/khachapuri-master-klass/,0,0
тур виноделие кахетия,Новая группа,2,/vinnye-tury-gruzia/,0,0
сбор винограда ртвели,Новая группа,33,/blog/kakheti-osenyu/,0,0
семейный тур грузия,Новая группа,1,/tury-v-gruziyu-s-detmi/,0,0
тур для детей тбилиси,Новая группа,1,/ekskursiya/tur-dlya-detey-tbilisi/,0,0
романтический тур тбилиси,Новая группа,1,/ekskursiya/romanticheskiy-tur-tbilisi/,0,0
свадебный тур грузия,Новая группа,2,/ekskursiya/svadebny-tur-gruziya/,0,0
корпоративный тур тбилиси,Новая группа,1,/ekskursiya/korporativniy-tur-tbilisi/,0,0
тур для пенсионеров грузия,Новая группа,1,/ekskursiya/tur-dlya-pensionerov-gruziya/,0,0
приключенческий тур грузия,Новая группа,1,/ekskursiya/priklyuchencheskiy-tur-gruziya/,0,0
конный тур степанцминда,Новая группа,2,/ekskursiya/konny-tur-stepantsminda/,0,0
трансфер аэропорт тбилиси,Новая группа,1,/ekskursiya/transfer-aeroport-tbilisi/,0,0
туры в грузию из москвы,Новая группа,2,/tury-v-gruziyu-iz-moskvy/,0,0
туры в грузию из спб,Новая группа,16,/tury-v-gruziyu-iz-spb/,2,0
туры в грузию из краснодара,Новая группа,11,/tury-v-gruziyu-iz-krasnodara/,0,0
туры в грузию из сочи,Новая группа,13,/tury-v-gruziyu-iz-sochi/,1,0
туры в грузию из ростова,Новая группа,13,/tury-v-gruziyu-iz-rostova/,0,0
туры в грузию из екатеринбурга,Новая группа,19,/tury-v-gruziyu-iz-ekaterinburga/,0,0
туры в грузию из новосибирска,Новая группа,16,/tury-v-gruziyu-iz-novosibirska/,0,0
туры в грузию из казани,Новая группа,11,/tury-v-gruziyu-iz-kazani/,1,0
туры в грузию из самары,Новая группа,12,/tury-v-gruziyu-iz-samary/,0,0
туры в грузию из перми,Новая группа,14,/tury-v-gruziyu-iz-permi/,0,0
туры в грузию из уфы,Новая группа,25,/tury-v-gruziyu-iz-ufy/,0,0
туры в грузию из воронежа,Новая группа,3,/tury-v-gruziyu-iz-voronezha/,0,0
туры в грузию из волгограда,Новая группа,26,/tury-v-gruziyu-iz-volgograda/,0,0
туры в грузию из саратова,Новая группа,16,/tury-v-gruziyu-iz-saratova/,0,0
туры в грузию из нижнего новгорода,Новая группа,69,/tury-v-gruziyu-iz-nizhnego-novgoroda/,0,0
туры в грузию из челябинска,Новая группа,12,/tury-v-gruziyu-iz-chelyabinska/,0,0
туры в грузию из тюмени,Новая группа,12,/tury-v-gruziyu-iz-tyumeni/,0,0
туры в грузию из ставрополя,Новая группа,14,/tury-v-gruziyu-iz-stavropolya/,0,0
туры в грузию из минеральных вод,Новая группа,13,/tury-v-gruziyu-iz-mineralnyh-vod/,0,0
туры в грузию из пятигорска,Новая группа,5,/tury-v-gruziyu-iz-pyatigorska/,3,0
туры в грузию из кисловодска,Новая группа,2,/tury-v-gruziyu-iz-kislovodska/,5,0
туры в грузию из нальчика,Новая группа,3,/tury-v-gruziyu-iz-nalchika/,1,0
туры в грузию из владикавказа,Новая группа,3,/tury-v-gruziyu-iz-vladikavkaza/,0,0
туры в грузию из махачкалы,Новая группа,11,/tury-v-gruziyu-iz-mahachkaly/,0,0
туры в грузию из еревана,Новая группа,5,/tury-v-gruziyu-iz-erevana/,1,0
туры в грузию из минска,Новая группа,>100,,0,0
туры в грузию из казахстана,Новая группа,5,/tury-v-gruziyu-iz-kazahstana/,6,0
туры в грузию из ташкента,Новая группа,3,/tury-v-gruziyu-iz-tashkenta/,7,0
грузия туры,A. Головы,2,/tury-v-gruziyu/,1,0
грузия отдых,A. Головы,6,/blog/chto-posmotret-v-gruzii/,8,0
отдых в грузии,A. Головы,5,/blog/chto-posmotret-v-gruzii/,11,0
тур в грузию 2026,A. Головы,1,/ekskursiya/,0,0
грузия путешествие,A. Головы,6,/blog/chto-posmotret-v-gruzii/,5,0
отдых в грузии 2026 для россиян,A. Головы,6,/otdyh-v-gruzii/,1,0
грузия туризм,A. Головы,6,/blog/chto-posmotret-v-gruzii/,9,0
экскурсионный тур в грузию,A. Головы,1,/ekskursiya/,0,0
горящие туры в грузию,A. Головы,25,/,0,0
купить тур в грузию,A. Головы,3,/tury-v-gruziyu/,25,0
отдых в тбилиси,A. Головы,18,/blog/chto-posmotret-v-tbilisi/,0,0
отдых в грузии туры,A. Головы,24,/,0,0
экскурсии в тбилиси на русском,B. Гид/индивид/на русском,1,/,0,0
экскурсии из тбилиси на русском,B. Гид/индивид/на русском,15,/ekskursiya/,0,0
экскурсии по грузии на русском,B. Гид/индивид/на русском,1,/ekskursiya/,0,0
гид по грузии,B. Гид/индивид/на русском,4,/,0,0
экскурсии в тбилиси на русском 2026,B. Гид/индивид/на русском,7,/tury-v-tbilisi/,0,0
экскурсии в грузии из тбилиси на русском,B. Гид/индивид/на русском,10,/,1,0
индивидуальные туры в грузию,B. Гид/индивид/на русском,1,/,0,0
индивидуальные экскурсии в тбилиси,B. Гид/индивид/на русском,4,/,0,0
туры по тбилиси на русском,B. Гид/индивид/на русском,3,/,0,0
туры по грузии из тбилиси на русском,B. Гид/индивид/на русском,14,/,1,0
экскурсия по тбилиси с гидом,B. Гид/индивид/на русском,6,/ekskursiya/,0,0
индивидуальная экскурсия грузия,B. Гид/индивид/на русском,1,/,0,0
экскурсия по тбилиси с гидом на русском,B. Гид/индивид/на русском,12,/ekskursiya/,0,0
обзорная экскурсия по тбилиси на русском,B. Гид/индивид/на русском,>100,,0,0
индивидуальные экскурсии из тбилиси,B. Гид/индивид/на русском,4,/,0,0
индивидуальные экскурсии тбилиси на русском,B. Гид/индивид/на русском,8,/,0,0
клуб гидов грузия,B. Гид/индивид/на русском,3,/,0,0
гиды грузия тбилиси,B. Гид/индивид/на русском,5,/,0,0
гид в грузии с машиной,B. Гид/индивид/на русском,12,/,0,0
гид в грузии русскоговорящий,B. Гид/индивид/на русском,8,/,0,0
оранжевый гид грузия,B. Гид/индивид/на русском,64,/blog/gruzinskoe-vino-gid/,0,0
гид в грузии русскоговорящий с машиной,B. Гид/индивид/на русском,10,/,0,0
экскурсии по тбилиси и окрестностям на русском,B. Гид/индивид/на русском,10,/ekskursiya/,0,0
винный тур в грузию,C. Вино/гастро,2,/vinnye-tury-gruzia/,3,0
гастрономический тур в грузию,C. Вино/гастро,2,/ekskursiya/gastronomicheskiy-tur-tbilisi/,7,0
экскурсии из батуми,D. Батуми экск/трансфер,25,/tury-v-batumi/,1,0
туры в грузию батуми,D. Батуми экск/трансфер,2,/ekskursiya/tur-batumi-iz-tbilisi/,2,0
экскурсии батуми на русском,D. Батуми экск/трансфер,25,/tury-v-batumi/,0,0
тур тбилиси батуми,D. Батуми экск/трансфер,1,/tury-v-batumi/,5,0
экскурсии из батуми в тбилиси,D. Батуми экск/трансфер,9,/ekskursiya/,0,0
трансфер тбилиси батуми,D. Батуми экск/трансфер,7,/ekskursiya/transfer-tbilisi-batumi/,4,0
экскурсии из батуми по грузии,D. Батуми экск/трансфер,52,/,2,0
экскурсия в трабзон из батуми,D. Батуми экск/трансфер,>100,,0,0
экскурсии в батуми 2026,D. Батуми экск/трансфер,12,/tury-v-batumi/,0,0
батуми экскурсии в горы,D. Батуми экск/трансфер,29,/,1,0
экскурсии из батуми по грузии на русском,D. Батуми экск/трансфер,29,/tury-v-batumi/,2,0
туры в грузию тбилиси батуми,D. Батуми экск/трансфер,4,/ekskursiya/tur-batumi-iz-tbilisi/,0,0
туры в грузию с перелетом,E. Пакет с перелётом/город,2,/tury-v-gruziyu/,0,0
тур в грузию из москвы 2026,E. Пакет с перелётом/город,3,/tury-v-gruziyu-iz-moskvy/,0,0
туры в грузию с авиаперелетом,E. Пакет с перелётом/город,20,/tury-v-gruziyu-iz-moskvy/,1,0
автобусные туры в грузию,E. Пакет с перелётом/город,87,/,0,0
тур в грузию из москвы с перелетом,E. Пакет с перелётом/город,6,/tury-v-gruziyu-iz-moskvy/,0,0
тур в грузию из владикавказа,E. Пакет с перелётом/город,5,/tury-v-gruziyu-iz-vladikavkaza/,0,0
тур в грузию из москвы с авиаперелетом,E. Пакет с перелётом/город,6,/tury-v-gruziyu-iz-moskvy/,0,0
тур в грузию из нижнего,E. Пакет с перелётом/город,61,/tury-v-gruziyu-iz-nizhnego-novgoroda/,0,0
туры в грузию из санкт петербурга,E. Пакет с перелётом/город,21,/tury-v-gruziyu-iz-spb/,1,0
туры в грузию из екатеринбурга 2026,E. Пакет с перелётом/город,12,/tury-v-gruziyu-iz-ekaterinburga/,0,0
туры в грузию из спб 2026,E. Пакет с перелётом/город,16,/tury-v-gruziyu-iz-spb/,0,0
тур в грузию из спб с перелетом,E. Пакет с перелётом/город,15,/tury-v-gruziyu-iz-spb/,0,0
экскурсионные туры в грузию из москвы,E. Пакет с перелётом/город,6,/tury-v-gruziyu-iz-moskvy/,0,0
тур в грузию из ростова на дону,E. Пакет с перелётом/город,11,/tury-v-gruziyu-iz-rostova/,0,0
туры в тбилиси из москвы,E. Пакет с перелётом/город,3,/tury-v-gruziyu-iz-moskvy/,0,0
туры в грузию из нижнего новгорода 2026,E. Пакет с перелётом/город,14,/tury-v-gruziyu-iz-nizhnego-novgoroda/,0,0
туры в грузию из екатеринбурга с авиаперелетом,E. Пакет с перелётом/город,13,/tury-v-gruziyu-iz-ekaterinburga/,0,0
экскурсионные туры в грузию с перелетом,E. Пакет с перелётом/город,1,/tury-v-gruziyu/,0,0
экскурсии из владикавказа в грузию,E. Пакет с перелётом/город,8,/tury-v-gruziyu-iz-vladikavkaza/,0,0
тур в тбилиси с перелетом,E. Пакет с перелётом/город,3,/tury-v-gruziyu/,0,0
туры в грузию из казани с перелетом,E. Пакет с перелётом/город,9,/tury-v-gruziyu-iz-kazani/,0,0
туры в грузию из владикавказа 2026,E. Пакет с перелётом/город,2,/tury-v-gruziyu-iz-vladikavkaza/,0,0
купить тур в грузию из москвы,E. Пакет с перелётом/город,11,/tury-v-gruziyu-iz-moskvy/,0,0
туры в грузию 2026 из ростова,E. Пакет с перелётом/город,4,/tury-v-gruziyu-iz-rostova/,0,0
туры в грузию из москвы все включено,E. Пакет с перелётом/город,24,/tury-v-gruziyu-iz-moskvy/,0,0
туры в грузию из краснодара 2026,E. Пакет с перелётом/город,3,/tury-v-gruziyu-iz-krasnodara/,2,0
горящие туры в грузию из москвы,E. Пакет с перелётом/город,44,/tury-v-gruziyu-iz-moskvy/,0,0
туры в грузию из уфы с перелетом,E. Пакет с перелётом/город,16,/tury-v-gruziyu-iz-ufy/,0,0
тур в грузию из екатеринбурга с перелетом,E. Пакет с перелётом/город,15,/tury-v-gruziyu-iz-ekaterinburga/,0,0
тур в тбилиси из москвы с перелетом,E. Пакет с перелётом/город,9,/tury-v-gruziyu-iz-moskvy/,0,0
тур в грузию из самары с перелетом,E. Пакет с перелётом/город,8,/tury-v-gruziyu-iz-samary/,0,0
туры в грузию из москвы на море,E. Пакет с перелётом/город,>100,,0,0
автобусный тур в грузию 2026,E. Пакет с перелётом/город,7,/tury-v-gruziyu/,0,0
путешествие в грузию,F. Направления/форматы,14,/blog/chto-posmotret-v-gruzii/,7,0
экскурсии в грузии,F. Направления/форматы,1,/,0,0
экскурсии из тбилиси,F. Направления/форматы,2,/,18,0
тур в тбилиси,F. Направления/форматы,2,/,0,0
тур в грузию гори,F. Направления/форматы,2,/ekskursiya/ekskursiya-gori-iz-tbilisi/,0,0
трансфер грузия,F. Направления/форматы,13,/ekskursiya/transfer-aeroport-tbilisi/,0,0
туры в грузию в сентябре,F. Направления/форматы,13,/blog/gruziya-v-sentyabre/,0,0
тур в грузию на автобусе,F. Направления/форматы,86,/,0,0
туры в грузию в августе,F. Направления/форматы,65,/,0,0
авторские туры в грузию,F. Направления/форматы,1,/tury-v-gruziyu/,10,0
экскурсионные туры в грузию 2026,F. Направления/форматы,1,/ekskursiya/,0,0
тур в грузию цена,F. Направления/форматы,3,/tury-v-gruziyu/,34,0
экскурсии из тбилиси по грузии,F. Направления/форматы,11,/ekskursiya/,3,0
тур в грузию все включено,F. Направления/форматы,>100,,0,0
тур в грузию из волгограда,F. Направления/форматы,24,/tury-v-gruziyu-iz-volgograda/,0,0
тур в грузию тбилиси,F. Направления/форматы,2,/tury-v-gruziyu/,0,0
тур в грузию из минеральных,F. Направления/форматы,10,/tury-v-gruziyu-iz-mineralnyh-vod/,0,0
туры в грузию из армении,F. Направления/форматы,9,/tury-v-gruziyu-iz-erevana/,1,0
тур в грузию на двоих,F. Направления/форматы,2,/tury-v-gruziyu/,0,0
тур в грузию из воронежа,F. Направления/форматы,5,/tury-v-gruziyu-iz-voronezha/,0,0
туры в грузию из перми 2026,F. Направления/форматы,8,/tury-v-gruziyu-iz-permi/,0,0
туры в грузию в октябре,F. Направления/форматы,73,/,0,0
туры в грузию из новосибирска 2026,F. Направления/форматы,11,/tury-v-gruziyu-iz-novosibirska/,0,0
туры в грузию из самары 2026,F. Направления/форматы,8,/tury-v-gruziyu-iz-samary/,0,0
сколько стоит тур в грузию,F. Направления/форматы,1,/tury-v-gruziyu/,0,0
экскурсии тбилиси 2026,F. Направления/форматы,7,/ekskursiya/,0,0
кахетия экскурсия из тбилиси,F. Направления/форматы,1,/ekskursiya/ekskursiya-kakheti-iz-tbilisi/,0,0
туры в грузию из астрахани,F. Направления/форматы,>100,,1,0
тур в грузию из красноярска,F. Направления/форматы,>100,,0,0
туры в тбилиси 2026,F. Направления/форматы,2,/ekskursiya/,0,0
групповые туры в грузию,F. Направления/форматы,1,/grupovye-tury-v-gruziyu/,16,0
туры в грузию из пензы,F. Направления/форматы,>100,,0,0
отменяют туры в грузию,F. Направления/форматы,>100,,0,0
туры по грузии из тбилиси,F. Направления/форматы,8,/ekskursiya/,0,0
экскурсии из тбилиси на день,F. Направления/форматы,12,/ekskursiya/,0,0
туры в грузию из казани 2026,F. Направления/форматы,9,/tury-v-gruziyu-iz-kazani/,0,0
туры в грузию из россии,F. Направления/форматы,6,/tury-v-gruziyu/,0,0
туры в грузию август 2026,F. Направления/форматы,4,/tury-v-gruziyu/,0,0
туры из нальчика в грузию,F. Направления/форматы,4,/tury-v-gruziyu-iz-nalchika/,6,0
куда сходить в тбилиси туристу,F. Направления/форматы,13,/blog/chto-posmotret-v-tbilisi/,0,0
горячие туры в грузию,F. Направления/форматы,17,/,0,0
туры в грузию из волгограда 2026,F. Направления/форматы,19,/tury-v-gruziyu-iz-volgograda/,0,0
паломнические туры в грузию,F. Направления/форматы,>100,,0,0
туры в грузию из оренбурга,F. Направления/форматы,>100,,0,0
стоимость тура в грузию,F. Направления/форматы,1,/tury-v-gruziyu/,30,0
грузия экскурсии,F. Направления/форматы,1,/,5,0
туры по грузии,F. Направления/форматы,1,/,1,0
экскурсионный тур по грузии,F. Направления/форматы,1,/ekskursiya/,0,0
экскурсии в грузии из тбилиси,F. Направления/форматы,8,/,0,0
экскурсии в грузию из пятигорска,F. Направления/форматы,10,/tury-v-gruziyu-iz-pyatigorska/,2,0
туры в грузию с экскурсиями,F. Направления/форматы,1,/,0,0
экскурсии на русском в грузии,B. Гид/индивид/на русском,3,/,0,0
экскурсии в грузии из батуми,D. Батуми экск/трансфер,21,/ekskursiya/tur-batumi-iz-tbilisi/,0,0
туры в батуми,D. Батуми экск/трансфер,1,/tury-v-batumi/,10,0
экскурсии из батуми на русском,D. Батуми экск/трансфер,26,/tury-v-batumi/,0,0
экскурсии из батуми 2026,D. Батуми экск/трансфер,17,/tury-v-batumi/,0,0
аджария экскурсии из батуми,D. Батуми экск/трансфер,35,/tury-v-batumi/,0,0
экскурсии из кутаиси,D. Батуми экск/трансфер,9,/ekskursiya/ekskursii-iz-kutaisi/,23,0
экскурсии из батуми в кутаиси,D. Батуми экск/трансфер,7,/ekskursiya/ekskursiya-batumi-kutaisi/,3,0
поход в горы в грузии,F. Направления/форматы,5,/ekskursiya/pohod-v-gory-gruzia/,0,0
