фраза,показы/мес,статус,страница
туры в грузию,14799,"в ядре, поз 2",tury-v-gruziyu-iz-ufy/
отдых в грузии,5749,"в ядре, поз 5",blog/skolko-stoit-otdyh-v-gruzii/
тур в грузию 2026,2591,"в ядре, поз 1",tury-v-gruziyu-iz-ufy/
экскурсии из батуми,1923,"в ядре, поз 25",/
экскурсии из тбилиси,1826,"в ядре, поз 2",/
туры в грузию из москвы,1721,"в ядре, поз 2",tury-v-gruziyu-iz-moskvy/
туры в грузию с перелетом,1045,"в ядре, поз 2",
туры по грузии,798,"в ядре, поз 1",tury-v-gruziyu-iz-ufy/
тур в грузию из москвы 2026,764,"в ядре, поз 3",tury-v-gruziyu-iz-moskvy/
отдых в грузии 2026 для россиян,730,"в ядре, поз 6",otdyh-v-gruzii/
экскурсионный тур в грузию,683,"в ядре, поз 1",tury-v-gruziyu-iz-ufy/
туры в грузию из спб,655,"в ядре, поз 16",tury-v-gruziyu-iz-spb/
тур в грузию из владикавказа,551,"в ядре, поз 5",tury-v-gruziyu-iz-vladikavkaza/
туры в грузию из краснодара,437,"в ядре, поз 11",tury-v-gruziyu-iz-krasnodara/
туры в грузию из екатеринбурга,411,"в ядре, поз 19",tury-v-gruziyu-iz-ekaterinburga/
тур в грузию из москвы с авиаперелетом,374,"в ядре, поз 6",
купить тур в грузию,339,"в ядре, поз 3",tury-v-gruziyu-iz-ufy/
туры в грузию в октябре,323,"в ядре, поз 73",
экскурсии в тбилиси на русском,300,"в ядре, поз 1",tury-v-tbilisi/
экскурсии батуми на русском,295,"в ядре, поз 25",ekskursiya/ekskursii-iz-batumi/
тур в грузию гори,292,"в ядре, поз 2",tury-v-gruziyu-zimoy/
горящие туры в грузию,290,"в ядре, поз 25",
туры в грузию в сентябре,283,"в ядре, поз 13",
туры в грузию из казани,276,"в ядре, поз 11",tury-v-gruziyu-iz-kazani/
туры в грузию из нижнего новгорода,256,"в ядре, поз 69",tury-v-gruziyu-iz-nizhnego-novgoroda/
экскурсии из тбилиси по грузии,216,"в ядре, поз 11",/
тур в грузию цена,213,"в ядре, поз 3",tury-v-gruziyu-iz-ufy/
тур в грузию на автобусе,209,"в ядре, поз 86",
туры в грузию из санкт петербурга,207,"в ядре, поз 21",tury-v-gruziyu-iz-spb/
экскурсионные туры в грузию из москвы,200,"в ядре, поз 6",tury-v-gruziyu-iz-moskvy/
туры в грузию из уфы,200,"в ядре, поз 25",tury-v-gruziyu-iz-ufy/
туры в грузию из ростова,196,"в ядре, поз 13",tury-v-gruziyu-iz-rostova/
туры в грузию из новосибирска,196,"в ядре, поз 16",tury-v-gruziyu-iz-novosibirska/
экскурсии из тбилиси на русском,190,"в ядре, поз 15",tury-v-tbilisi/
туры в грузию на новый год,178,"в ядре, поз 12",ekskursiya/tur-gruziya-noviy-god/
экскурсии из батуми по грузии,175,"в ядре, поз 52",/
туры в грузию из армении,172,"в ядре, поз 9",ekskursiya/tur-gruziya-armeniya/
экскурсии по грузии на русском,172,"в ядре, поз 1",
туры в грузию из волгограда,169,"в ядре, поз 26",tury-v-gruziyu-iz-volgograda/
туры в грузию из екатеринбурга 2026,166,"в ядре, поз 12",tury-v-gruziyu-iz-ekaterinburga/
туры в грузию из пятигорска,160,"в ядре, поз 5",tury-v-gruziyu-iz-pyatigorska/
туры в грузию из спб 2026,155,"в ядре, поз 16",tury-v-gruziyu-iz-spb/
туры в грузию из самары,154,"в ядре, поз 12",tury-v-gruziyu-iz-samary/
экскурсионные туры в грузию 2026,153,"в ядре, поз 1",tury-v-gruziyu-iz-ufy/
отдых в грузии 2026,1683,нет в ядре,blog/skolko-stoit-otdyh-v-gruzii/
трансфер тбилиси,1260,нет в ядре,ekskursiya/transfer-tbilisi-batumi/
отдых в грузии на море,1172,нет в ядре,otdyh-v-gruzii/
отдых в грузии для россиян,759,нет в ядре,otdyh-v-gruzii/
экскурсии по грузии,618,нет в ядре,/
отдых в грузии на море 2026,371,нет в ядре,otdyh-v-gruzii/
туры в грузию из нижнего,272,нет в ядре,tury-v-gruziyu-iz-nizhnego-novgoroda/
экскурсия из батуми в тбилиси,257,нет в ядре,/
отдых в грузии цены,239,нет в ядре,blog/skolko-stoit-otdyh-v-gruzii/
тур в грузию 2027,201,нет в ядре,tury-v-gruziyu-iz-ufy/
тур в грузию из перми,200,нет в ядре,tury-v-gruziyu-iz-permi/
казбеги экскурсия,191,нет в ядре,ekskursiya/ekskursiya-kazbegi-iz-tbilisi/
автобусный тур в грузию,686,нет страницы,
тур в грузию с авиаперелетом,675,нет страницы,
трансфер владикавказ тбилиси,516,нет страницы,
туры в грузию из москвы с перелетом,441,нет страницы,
лучший отдых в грузии,240,нет страницы,
пляжный отдых в грузии,222,нет страницы,
тур в грузию батуми,220,нет страницы,
туры в грузию на море,214,нет страницы,
экскурсии в тбилиси на русском языке,213,нет страницы,
отдых в кобулети грузия,213,нет страницы,
отдых в грузии в октябре,197,нет страницы,
отдых в грузии в сентябре,194,нет страницы,
туры в грузию из спб с перелетом,185,нет страницы,
кобулети отдых на море в грузии,183,нет страницы,
экскурсии по грузии на русском языке,152,нет страницы,
