impr,lang,query,blog,blog_pos,tour,tour_pos
3586,en,narikala fortress,/en/blog/best-restaurants-tbilisi/,2,/en/ekskursiya/ekskursiya-narikala/,49.2
2766,en,tbilisi to kazbegi,/en/blog/tbilisi-3-day-itinerary/,2,/ekskursiya/ekskursiya-kazbegi-iz-tbilisi/,55
2579,ge,მარტვილის კანიონი ფასები 2026,/ge/blog/martvili-canyon/#getting,2.1,/ge/ekskursiya/ekskursiya-kanyony-zapadnoy-gruzii/,29.7
1855,ru,ureki beach,/blog/ureki-plyazh/,3,/en/ekskursiya/ekskursiya-ureki-iz-tbilisi/,16.4
1830,en,მარტვილის კანიონი,/en/blog/martvili-canyon/,5.2,/en/ekskursiya/ekskursiya-kanyony-zapadnoy-gruzii/,19
1693,en,tbilisi to batumi,/en/blog/tbilisi-neighborhoods-where-to-stay/,2,/ekskursiya/tur-batumi-iz-tbilisi/,85.7
1481,en,transfer from tbilisi to kazbegi,/en/blog/transfer-tbilisi-to-kazbegi/#marshrutka,6.0,/en/ekskursiya/kazbegi-transfer-from-tbilisi/,17.7
1124,en,ურეკი,/en/blog/ureki-beach/,2.6,/en/ekskursiya/ekskursiya-ureki-iz-tbilisi/,4
1087,en,narikala,/en/blog/botanical-garden-tbilisi/,2,/en/ekskursiya/ekskursiya-narikala/,12.6
1056,ru,какое море в грузии,/blog/chernoe-more-gruzii,1,/ekskursiya/tur-batumi-iz-tbilisi/,9
987,en,truso valley,/en/blog/things-to-see-kazbegi/,3,/en/ekskursiya/hayking-truso-iz-kazbegi/,53.3
857,en,how to get to kazbegi from tbilisi,/en/blog/transfer-tbilisi-to-kazbegi/#marshrutka,6.6,/en/ekskursiya/kazbegi-transfer-from-tbilisi/,7
852,en,tbilisi to kazbegi transfer,/en/blog/transfer-tbilisi-to-kazbegi/,5.8,/en/ekskursiya/kazbegi-transfer-from-tbilisi/,8.2
740,ru,site:sakhva-travel.com,/blog/pyatnica-v-tbilisi/,1,/individualnyy-tur-v-gruziyu/,3
705,ge,თრუსოს ხეობა გზა,/ge/blog/truso-valley-hike/#how-to-get,6.1,/ge/ekskursiya/ekskursiya-truso/,7.7
627,en,david gareja,/en/blog/david-gareja-monastery/#how-to-get,9.8,/en/ekskursiya/ekskursiya-david-gareji/,13.8
572,en,kakheti from tbilisi,/en/blog/kakheti-one-day-trip/#marani,5.0,/en/ekskursiya/ekskursiya-kakheti-iz-tbilisi/,50.5
571,ru,грузия,/blog/chaevye-v-gruzii/,1,/ekskursiya/rtveli-sbor-vinograda/,2
515,en,david gareja monastery,/en/blog/david-gareja-monastery/#border,9.8,/en/ekskursiya/ekskursiya-david-gareji/,17.8
462,en,free local events happening this week,/en/blog/lagodekhi-national-park/,1,/en/ekskursiya/rtveli-grape-harvest/,4
428,en,david gareja monastery complex,/en/blog/david-gareja-monastery/#border,8.1,/en/ekskursiya/ekskursiya-david-gareji/,31.2
418,en,kazbegi day trip from tbilisi,/en/blog/kazbegi-day-trip-from-tbilisi/,7.4,/ekskursiya/ekskursiya-kazbegi-iz-tbilisi/,88
412,ru,маршрут по грузии на 7 дней,/blog/gruziya-7-dney/#den1,3.9,/ekskursiya/tur-gruziya-7-dney/,29.1
399,en,kakheti to tbilisi,/en/blog/kakheti-one-day-trip/#marani,6.4,/ekskursiya/ekskursiya-kakheti-iz-tbilisi/,43
375,en,brutalist architecture tbilisi,/en/blog/soviet-tbilisi-tour/,8.6,/en/ekskursiya/sovetskiy-tur-tbilisi/,36
359,en,narikala fortress tbilisi,/en/blog/botanical-garden-tbilisi/,2,/en/ekskursiya/ekskursiya-narikala/,52.9
341,ru,абанотубани,/blog/sernye-bani-tbilisi/,9.5,/ekskursiya/ekskursiya-abanotubani/,17.4
327,en,batumi,/en/blog/georgia-passport-requirements/,1.7,/ekskursiya/tur-batumi-iz-tbilisi/,15.8
323,ru,магнитные пески в грузии,/blog/ureki-plyazh/,7.4,/ekskursiya/ekskursiya-ureki-iz-tbilisi/,7.7
321,ru,уреки магнитные пески,/blog/ureki-plyazh/,9.1,/ekskursiya/ekskursiya-ureki-iz-tbilisi/,22.8
314,en,narikala fortress cable car,/en/blog/narikala-fortress-tbilisi/,8.1,/en/ekskursiya/ekskursiya-narikala/,52
291,en,თბილისი ყაზბეგი,/en/blog/kazbegi-day-trip-from-tbilisi/,2,/ge/ekskursiya/tur-kazbegi-kakheti-2-dnya/,9.7
269,ru,лучшие грузинские рестораны тбилиси,/blog/restorany-tbilisi/#%D0%B3%D0%B4%D0%B5-%D0%B5%D1%81%D1%82%D1%8C-%D1%85%D0%B0%D1%87%D0%B0%D0%BF%D1%83%D1%80%D0%B8,11.3,/ekskursiya/gastronomicheskiy-tur-tbilisi/,18
264,en,tbilisi to kazbegi day trip,/en/blog/kazbegi-vs-kakheti/,3,/ekskursiya/ekskursiya-kazbegi-iz-tbilisi/,95
247,en,soviet architecture tbilisi,/en/blog/soviet-tbilisi-tour/#self-guided,8.6,/en/ekskursiya/sovetskiy-tur-tbilisi/,19.8
246,en,what to buy in tbilisi,/en/blog/what-to-buy-in-georgia/,5.9,/en/ekskursiya/shopping-tur-tbilisi/,77.5
240,en,tbilisi soviet architecture,/en/blog/soviet-tbilisi-tour/,8.0,/en/ekskursiya/sovetskiy-tur-tbilisi/,8
239,ru,гомис мта,/blog/chto-privezti-iz-gruzii/,2,/ekskursiya/ekskursiya-gomis-mta-iz-batumi/,10.8
232,en,tbilisi kazbegi transfer,/en/blog/transfer-tbilisi-to-kazbegi/,4.1,/ekskursiya/ekskursiya-kazbegi-iz-tbilisi/,76
228,en,kazbegi to kakheti,/en/blog/georgia-7-day-itinerary/,1,/en/ekskursiya/tur-kazbegi-kakheti-2-dnya/,4.1
225,ru,tbilisi,/blog/fabrika-tbilisi/,1,/en/ekskursiya/art-tur-tbilisi/,2
205,en,truso valley hike,/en/blog/truso-valley-hike/,7.2,/en/ekskursiya/hayking-truso-iz-kazbegi/,51
200,en,how to go to kazbegi from tbilisi,/en/blog/kazbegi-day-trip-from-tbilisi/,5.9,/en/ekskursiya/ekskursiya-kazbegi-iz-tbilisi/,7
199,ru,нарикала,/blog/kanatnaya-doroga-tbilisi/,3,/ekskursiya/ekskursiya-narikala/,8
199,ru,грузия черный песок,/blog/ureki-plyazh/,7.5,/ekskursiya/ekskursiya-ureki-iz-tbilisi/,39.5
194,ru,грузия черное море,/blog/chernoe-more-gruzii/,6.4,/ekskursiya/tur-batumi-iz-tbilisi/,100
188,en,narikala tbilisi,/en/blog/narikala-fortress-tbilisi/,10.1,/en/ekskursiya/ekskursiya-narikala/,51.1
186,en,tbilisi brutalist architecture,/en/blog/soviet-tbilisi-tour/,8.6,/en/ekskursiya/sovetskiy-tur-tbilisi/,10
174,ru,грузия черные пески,/blog/ureki-plyazh/,6.2,/ekskursiya/ekskursiya-ureki-iz-tbilisi/,23
168,en,каньон мартвили,/en/blog/martvili-canyon/,7.5,/en/ekskursiya/ekskursiya-kanyony-zapadnoy-gruzii/,16
166,ru,дегустация вина тбилиси,/blog/degustatsiya-vina-gruziya/,15.3,/ekskursiya/ekskursiya-kakheti-iz-tbilisi/,51.4
165,ru,экскурсия в кахетию из тбилиси,/blog/kakheti-za-1-den/,22.0,/ekskursiya/ekskursiya-kakheti-iz-tbilisi/,36.7
158,en,ურეკის მაგნიტური ქვიშა,/en/blog/ureki-beach/,1,/ge/ekskursiya/ekskursiya-ureki-iz-tbilisi/,9.8
155,en,магнитные пески грузия,/en/blog/ureki-beach/,1,/ekskursiya/ekskursiya-ureki-iz-tbilisi/,40
155,en,cable car to narikala fortress,/en/blog/narikala-fortress-tbilisi/,6.2,/en/ekskursiya/ekskursiya-narikala/,70
149,ru,тур по грузии 7 дней,/blog/gruziya-7-dney/,8.8,/ekskursiya/tur-gruziya-7-dney/,39.1
138,en,how to travel from tbilisi to batumi,/en/blog/batumi-from-tbilisi/#how-to-get,10.4,/en/ekskursiya/tur-batumi-iz-tbilisi/,94.5
137,en,ureki beach georgia,/en/blog/ureki-beach/,6.2,/en/ekskursiya/ekskursiya-ureki-iz-tbilisi/,39
137,en,davit gareja,/en/blog/david-gareja-monastery/#how-to-get,8.2,/en/ekskursiya/ekskursiya-david-gareji/,36.4
136,en,dashbashi canyon,/en/blog/tbilisi-3-day-itinerary/,5,/en/ekskursiya/ekskursiya-dashbashi-iz-tbilisi/,5.8
130,ru,магнитные пески уреки польза,/blog/ureki-plyazh/#deti,8.7,/ekskursiya/ekskursiya-ureki-iz-tbilisi/,10.9
130,en,نعم,/en/blog/tbilisi-with-kids-guide/,1,/en/ekskursiya/shopping-tur-tbilisi/,3
124,en,батуми,/en/blog/apartment-rental-tbilisi/,1,/ekskursiya/tur-batumi-iz-tbilisi/,12.8
124,en,all tbilisi tours & excursions in 2026,/en/blog/tbilisi-tours-guide/,19.1,/en/tours-in-georgia/,24.1
121,en,магнитные пески уреки,/en/blog/ureki-beach/,5,/ekskursiya/ekskursiya-ureki-iz-tbilisi/,11.7
119,en,tbilisi to mtskheta,/en/blog/mtskheta-day-trip/,12.9,/en/ekskursiya/ekskursiya-mtskheta-iz-tbilisi/,55.1
117,ge,ბორჯომი საბაგირო,/ge/blog/borjomi-complete-guide/#bakuriani,4.9,/ge/ekskursiya/ekskursiya-borjomi-iz-tbilisi/,11
117,en,narikala fortress entrance fee,/en/blog/tbilisi-cable-car/,4,/en/ekskursiya/ekskursiya-narikala/,29.7
115,en,כן,/en/blog/best-restaurants-tbilisi/,1,/en/ekskursiya/ekskursiya-ananuri-iz-tbilisi/,2
115,en,kakheti wine region,/en/blog/kakheti-complete-guide/,1.5,/en/ekskursiya/degustatsiya-vina-kakheti/,23
113,ru,сколько ехать из тбилиси в кахетию,/blog/kakheti-za-1-den/,9.1,/ekskursiya/ekskursiya-kakheti-iz-tbilisi/,10
112,ge,abanotubani,/ge/blog/sulfur-baths-tbilisi/,1,/en/ekskursiya/ekskursiya-abanotubani/,15.9
110,en,private driver tbilisi to kazbegi,/en/blog/transfer-tbilisi-to-kazbegi/,6.8,/en/ekskursiya/kazbegi-transfer-from-tbilisi/,17.4
108,en,georgia country,/en/blog/tbilisi-techno-scene/,1,/en/ekskursiya/svadebny-tur-gruziya/,2
105,ru,мартвильский каньон цена,/blog/kanyon-martvili/,10.3,/ekskursiya/ekskursiya-kanyony-zapadnoy-gruzii/,57
105,ge,თბილისი ყაზბეგი ტრანსპორტი,/ge/blog/transfer-tbilisi-to-kazbegi/,2.4,/ge/ekskursiya/transfer-aeroport-tbilisi/,32
101,ge,რა ვნახოთ კახეთში,/ge/blog/kakheti-complete-guide/,5.8,/ge/ekskursiya/ekskursiya-kakheti-iz-tbilisi/,8.7
100,en,tbilisi kakheti,/en/blog/kakheti-one-day-trip/,5.1,/en/ekskursiya/ekskursiya-kakheti-iz-tbilisi/,10
100,en,day trip to kazbegi from tbilisi,/en/blog/kazbegi-day-trip-from-tbilisi/,7.5,/ekskursiya/ekskursiya-kazbegi-iz-tbilisi/,94
97,en,kakheti tour,/en/blog/what-to-buy-in-georgia/,4,/en/ekskursiya/ekskursiya-kakheti-iz-tbilisi/,7.5
96,en,kazbegi to kakheti distance,/en/blog/kazbegi-day-trip-from-tbilisi/,4.6,/en/ekskursiya/tur-kazbegi-kakheti-2-dnya/,10.7
96,en,kakheti to kazbegi,/en/blog/kazbegi-vs-kakheti/,8.5,/en/ekskursiya/tur-kazbegi-kakheti-2-dnya/,16.2
92,en,how to get to narikala fortress,/en/blog/tbilisi-cable-car/,2.5,/en/ekskursiya/ekskursiya-narikala/,60
91,en,soviet architecture in tbilisi,/en/blog/soviet-tbilisi-tour/#self-guided,8.5,/en/ekskursiya/sovetskiy-tur-tbilisi/,25.4
90,en,თბილისში,/en/blog/tbilisi-metro-guide/,2,/en/ekskursiya/khachapuri-master-klass/,3
89,ru,جورجيا,/blog/digital-nomad-tbilisi/,1,/en/ekskursiya/tur-gruziya-noviy-god/,9
89,ru,мцхета что посмотреть,/blog/mtskheta-iz-tbilisi/,22.4,/ekskursiya/ekskursiya-mtskheta-iz-tbilisi/,40.6
88,en,from tbilisi to kakheti,/en/blog/kakheti-one-day-trip/,5.6,/ekskursiya/ekskursiya-kakheti-iz-tbilisi/,100
87,ge,აბანოთუბანი ფასი,/ge/blog/sulfur-baths-tbilisi/,4.7,/ge/ekskursiya/ekskursiya-abanotubani/,7
87,en,казбеги,/en/blog/kazbegi-day-trip-from-tbilisi/,1,/ekskursiya/ekskursiya-kazbegi-iz-tbilisi/,11.3
87,en,ananuri fortress,/en/blog/what-to-buy-in-georgia/,2.5,/en/ekskursiya/ekskursiya-ananuri-iz-tbilisi/,4.9
86,ru,грузия уреки магнитные пески,/blog/ureki-plyazh/,9.0,/ekskursiya/ekskursiya-ureki-iz-tbilisi/,15
84,en,kazbegi day tour from tbilisi,/en/blog/kazbegi-day-trip-from-tbilisi/,8.7,/ekskursiya/ekskursiya-kazbegi-iz-tbilisi/,84
82,ru,экскурсия в казбеги из тбилиси,/blog/kazbegi-iz-tbilisi-2026/,21.4,/ekskursiya/ekskursiya-kazbegi-iz-tbilisi/,29.3
82,en,soviet tbilisi,/en/blog/soviet-tbilisi-tour/,9.4,/en/ekskursiya/sovetskiy-tur-tbilisi/,63
81,ge,ბორჯომის საბაგიროს ფასი,/ge/blog/borjomi-complete-guide/,6.5,/ge/ekskursiya/ekskursiya-borjomi-iz-tbilisi/,8
79,en,soviet mosaics in tbilisi,/en/blog/soviet-tbilisi-tour/#photography,4,/en/ekskursiya/sovetskiy-tur-tbilisi/,34.2
77,en,tbilisi soviet buildings,/en/blog/soviet-tbilisi-tour/#self-guided,7.9,/en/ekskursiya/sovetskiy-tur-tbilisi/,9
77,en,martvili canyon boat ride,/en/blog/martvili-canyon/,8.7,/en/ekskursiya/ekskursiya-kanyony-zapadnoy-gruzii/,12
76,en,tbilisi to kazbegi tour,/en/blog/kazbegi-day-trip-from-tbilisi/#best-time,6.6,/ekskursiya/ekskursiya-kazbegi-iz-tbilisi/,95
76,en,narikala fortress tbilisi georgia,/en/blog/narikala-fortress-tbilisi/,10.2,/en/ekskursiya/ekskursiya-narikala/,67.8
72,ge,ურეკის ქვიშა,/ge/blog/ureki-beach/,7.1,/ge/ekskursiya/ekskursiya-ureki-iz-tbilisi/,7.5
72,en,kazbegi tours from tbilisi,/en/blog/kazbegi-day-trip-from-tbilisi/#how,8.9,/ekskursiya/ekskursiya-kazbegi-iz-tbilisi/,80
71,en,ureki black sand beach,/en/blog/ureki-beach/,5.7,/en/ekskursiya/ekskursiya-ureki-iz-tbilisi/,8
70,ge,ურეკის პლიაჟი,/ge/blog/ureki-beach/,5.5,/ge/ekskursiya/ekskursiya-ureki-iz-tbilisi/,7
70,en,tbilisi narikala fortress,/en/blog/narikala-fortress-tbilisi/,10.7,/en/ekskursiya/ekskursiya-narikala/,58.6
67,en,kakheti wine region tour,/en/blog/kakheti-wine-tour/,35.5,/ekskursiya/ekskursiya-kakheti-iz-tbilisi/,87.0
66,en,batumi georgia,/en/blog/tbilisi-batumi-train/,3,/ekskursiya/tur-batumi-iz-tbilisi/,8
65,en,კი,/en/blog/friday-in-tbilisi/,1,/en/ekskursiya/tur-po-hramam-tbilisi/,2
65,en,kakheti region wineries,/en/blog/kakheti-complete-guide/,16.4,/ekskursiya/ekskursiya-kakheti-iz-tbilisi/,29
64,en,davit gareja monastery,/en/blog/david-gareja-monastery/#border,9.6,/en/ekskursiya/ekskursiya-david-gareji/,14.8
62,ru,грузия магнитные пески,/blog/ureki-plyazh/,10,/ekskursiya/ekskursiya-ureki-iz-tbilisi/,12
62,en,what to do in tbilisi at night,/en/blog/tbilisi-nightlife/#bassiani,11,/en/ekskursiya/nochnaya-ekskursiya-tbilisi/,83.5
62,en,soviet buildings in tbilisi,/en/blog/soviet-tbilisi-tour/#photography,9,/en/ekskursiya/sovetskiy-tur-tbilisi/,19.2
61,ru,магнитные пески в уреки,/blog/ureki-plyazh/#deti,9.4,/ekskursiya/ekskursiya-ureki-iz-tbilisi/,40
61,en,narikala fortress georgia,/en/blog/narikala-fortress-tbilisi/,11.1,/en/ekskursiya/ekskursiya-narikala/,79.1
60,ru,грузия цены,/blog/skolko-stoit-otdyh-v-gruzii/,24.3,/prices/,63.2
59,ru,тур по грузии на 7 дней,/blog/gruziya-7-dney/,40.8,/ekskursiya/tur-gruziya-7-dney/,55.9
59,en,тбилиси казбеги,/en/blog/transfer-tbilisi-to-kazbegi/,4,/ekskursiya/ekskursiya-kazbegi-iz-tbilisi/,19
58,ru,тбилиси вардзия расстояние,/blog/vardzia/,9.3,/ekskursiya/ekskursiya-vardzia/,48
58,en,truso gorge,/en/blog/gorges-of-georgia/,10,/en/ekskursiya/ekskursiya-truso/,11.9
56,en,tbilisi narikala,/en/blog/narikala-fortress-tbilisi/,10.1,/en/ekskursiya/ekskursiya-narikala/,53.9
55,ru,сколько стоит экскурсия из тбилиси в кахетию,/blog/kakheti-za-1-den/#route,11,/ekskursiya/ekskursiya-kakheti-iz-tbilisi/,33.4
55,ru,крепость нарекала,/blog/narikala-tbilisi/,15.2,/ekskursiya/ekskursiya-narikala/,17
55,ge,ურეკი მაგნიტური ქვიშა,/ge/blog/ureki-beach/,7,/ge/ekskursiya/ekskursiya-ureki-iz-tbilisi/,9.4
54,ru,серные бани тбилиси цены,/blog/sernye-bani-tbilisi/,9.1,/ekskursiya/ekskursiya-abanotubani/,29.5
50,en,magnetic sand beach georgia,/en/blog/ureki-beach/,8.7,/en/ekskursiya/ekskursiya-ureki-iz-tbilisi/,9.4
47,ru,тбилиси кахетия,/blog/kakheti-za-1-den/#distances,9.4,/ekskursiya/ekskursiya-kakheti-iz-tbilisi/,27
46,ru,крепость нарикала когда откроют,/blog/kanatnaya-doroga-tbilisi/,1,/ekskursiya/ekskursiya-narikala/,9
46,en,narikala viewpoint,/en/blog/narikala-fortress-tbilisi/,5.9,/en/ekskursiya/ekskursiya-narikala/,9.2
46,en,narikala fortress cable car price,/en/blog/tbilisi-cable-car/,3.9,/en/ekskursiya/ekskursiya-narikala/,8
45,ru,кахетия вино грузия,/blog/gruzinskoe-vino-gid/,21.8,/ekskursiya/ekskursiya-kakheti-iz-tbilisi/,73.6
45,ru,в грузию,/blog/karty-nalichnye-gruziya/,1,/tury-v-gruziyu/,64
45,en,david gareji,/en/blog/david-gareja-monastery/#how-to-get,11.5,/en/ekskursiya/ekskursiya-david-gareji/,17.6
43,ru,тбилиси зимой,/blog/gruziya-zimoy/,6.7,/ekskursiya/gastronomicheskiy-tur-tbilisi/,13
43,en,tbilisi to borjomi and akhalkalaki,/en/blog/borjomi-from-tbilisi/,18,/en/ekskursiya/ekskursiya-borjomi-iz-tbilisi/,70.6
41,en,narikala tickets,/en/blog/free-things-tbilisi/,1,/en/ekskursiya/ekskursiya-narikala/,38
40,ru,казбек тбилиси расстояние,/blog/kazbegi-iz-tbilisi-2026/,9.5,/ekskursiya/ekskursiya-kazbegi-iz-tbilisi/,11
40,en,kakheti wine tour,/en/blog/kakheti-one-day-trip/,3,/en/ekskursiya/ekskursiya-kakheti-iz-tbilisi/,74
39,ru,экскурсии из тбилиси в кахетию,/blog/kakheti-za-1-den/#distances,9,/ekskursiya/ekskursiya-kakheti-iz-tbilisi/,37.8
39,ru,нарикала билеты,/blog/narikala-tbilisi/,6.5,/ekskursiya/ekskursiya-narikala/,10.0
39,ru,кахети,/blog/kazbegi-ili-kakheti/,4,/ekskursiya/ekskursiya-kakheti-iz-tbilisi/,18.7
39,ru,казбеги экскурсия,/blog/kazbegi-iz-tbilisi-2026/,4,/ekskursiya/ekskursiya-kazbegi-iz-tbilisi/,32.6
39,ru,абанотубани тбилиси,/blog/sernye-bani-tbilisi/#history,9,/ekskursiya/ekskursiya-abanotubani/,56
39,en,what about georgia,/en/blog/sulfur-baths-tbilisi/,1,/en/ekskursiya/tur-dlya-pensionerov-gruziya/,3
39,en,narikala fort,/en/blog/tbilisi-cable-car/,1,/en/ekskursiya/ekskursiya-narikala/,64.4
39,en,georgia itinerary 7 days,/en/blog/georgia-7-day-itinerary/#day1,4,/en/ekskursiya/tur-gruziya-noviy-god/,220
38,ru,нарикала канатная дорога,/blog/kanatnaya-doroga-tbilisi/,10.8,/ekskursiya/ekskursiya-narikala/,81
38,en,tbilisi to borjomi and akhalkalaki day trip,/en/blog/borjomi-from-tbilisi/,12.6,/en/ekskursiya/ekskursiya-borjomi-iz-tbilisi/,84.3
38,en,tbilisi fortress,/en/blog/botanical-garden-tbilisi/,3,/en/ekskursiya/ekskursiya-narikala/,10
37,ru,грузия маршрут на 7 дней,/blog/gruziya-7-dney/,2.7,/ekskursiya/tur-gruziya-7-dney/,8.8
37,en,plan a three day tbilisi itinerary,/en/blog/narikala-fortress-tbilisi/,7,/en/ekskursiya/tur-gruziya-3-dnya/,11
36,ru,трансфер тбилиси казбеги,/blog/transfer-tbilisi-kazbegi/,8.9,/ekskursiya/transfer-aeroport-tbilisi/,11
36,ru,казбеги тбилиси,/blog/kogda-ekhat-v-kazbegi/,2,/ekskursiya/ekskursiya-kazbegi-iz-tbilisi/,10
36,en,vardzia monastery,/en/blog/what-to-buy-in-georgia/,4,/en/ekskursiya/ekskursiya-vardzia/,6.2
36,en,martvili canyon ticket prices 2026,/en/blog/martvili-canyon/,6.5,/en/ekskursiya/ekskursiya-kanyony-zapadnoy-gruzii/,9.7
36,en,borjomi honeymoon packages,/en/blog/borjomi-complete-guide/,8.3,/en/ekskursiya/ekskursiya-borjomi-iz-tbilisi/,14
35,en,магнитные пески,/en/blog/ureki-beach/,1,/ekskursiya/ekskursiya-ureki-iz-tbilisi/,23.2
34,ru,серные бани тбилиси цена,/blog/sernye-bani-tbilisi/,24.8,/ekskursiya/ekskursiya-abanotubani/,59.5
33,ru,грузия экскурсия в кахетию,/blog/kakheti-za-1-den/,38,/ekskursiya/ekskursiya-kakheti-iz-tbilisi/,46.5
33,en,kakheti georgia,/en/blog/what-to-buy-in-georgia/,2,/ekskursiya/ekskursiya-kakheti-iz-tbilisi/,35
32,ru,тур в кахетию из тбилиси,/blog/kakheti-za-1-den/#distances,4,/ekskursiya/ekskursiya-kakheti-iz-tbilisi/,11.5
32,en,yes please,/en/blog/georgian-wine-guide/,1,/en/ekskursiya/shopping-tur-tbilisi/,2
31,ru,туры в грузию из ташкента,/blog/skolko-stoit-otdyh-v-gruzii/,2,/tury-v-gruziyu-iz-tashkenta/,24.1
31,ru,тбилиси вардзия,/blog/vardzia/,8.4,/ekskursiya/ekskursiya-vardzia/,10.9
31,ru,отдых в грузии с детьми,/blog/gruziya-s-detmi/#chego-izbegat,12.5,/tury-v-gruziyu-s-detmi/,74
31,en,magnetic beach georgia,/en/blog/ureki-beach/,7.4,/en/ekskursiya/ekskursiya-ureki-iz-tbilisi/,10
31,en,black sand beach georgia,/en/blog/ureki-beach/,7.5,/en/ekskursiya/ekskursiya-ureki-iz-tbilisi/,8.1
30,ru,магнитный песок в грузии уреки,/blog/ureki-plyazh/,14.3,/ekskursiya/ekskursiya-ureki-iz-tbilisi/,41.5
30,ru,давай,/blog/dom-yustitsii-tbilisi/,1,/ekskursiya/tur-kutaisi-iz-tbilisi/,8
29,ru,черные пески уреки,/blog/ureki-plyazh/,7,/ekskursiya/ekskursiya-ureki-iz-tbilisi/,10
29,ru,в тбилиси,/blog/sernye-bani-tbilisi/,1,/ekskursiya/progulka-po-kure-tbilisi/,2
29,en,батуми или тбилиси,/en/blog/batumi-from-tbilisi/,2,/ekskursiya/tur-batumi-iz-tbilisi/,21.1
29,en,tbilisi brutalism architecture,/en/blog/soviet-tbilisi-tour/,8.2,/en/ekskursiya/sovetskiy-tur-tbilisi/,11
28,ru,серные бани тбилиси забронировать,/blog/sernye-bani-tbilisi/,26.6,/ekskursiya/ekskursiya-abanotubani/,63.7
27,ru,вардзия цена билета,/blog/vardzia/,8.8,/ekskursiya/ekskursiya-vardzia/,10.2
27,ge,თბილისი ყაზბეგი დრო,/ge/blog/transfer-tbilisi-to-kazbegi/,4.7,/ge/ekskursiya/ekskursiya-kazbegi-iz-tbilisi/,5.3
27,en,mtskheta from tbilisi,/en/blog/mtskheta-day-trip/,8.9,/en/ekskursiya/ekskursiya-mtskheta-iz-tbilisi/,10
26,ru,кахетия экскурсия,/blog/kakheti-za-1-den/,10,/ekskursiya/ekskursiya-kakheti-iz-tbilisi/,14.8
26,ge,ტაქსი ყაზბეგში,/ge/blog/transfer-tbilisi-to-kazbegi/,4.0,/ge/ekskursiya/tur-kazbegi-kakheti-2-dnya/,12
26,en,country,/en/blog/tbilisi-techno-scene/,1,/en/ekskursiya/ekskursiya-vardzia/,4
25,ru,что посмотреть в тбилиси,/blog/narikala-tbilisi/,1,/ekskursiya/tur-po-hramam-tbilisi/,3
25,en,davit gareja monastery complex,/en/blog/david-gareja-monastery/#border,8.8,/en/ekskursiya/ekskursiya-david-gareji/,75
24,en,vardzia day trip from tbilisi,/en/blog/vardzia-cave-monastery/,7.5,/en/ekskursiya/ekskursiya-vardzia/,32.8
24,en,borjomi tour from tbilisi,/en/blog/borjomi-from-tbilisi/#how,9,/en/ekskursiya/ekskursiya-borjomi-iz-tbilisi/,15.8
23,ru,экскурсия в кахетию,/blog/kakheti-za-1-den/,17.5,/ekskursiya/ekskursiya-kakheti-iz-tbilisi/,44
23,ru,отдых в грузии,/blog/gruziya-v-sentyabre/,1,/ekskursiya/tur-gruziya-7-dney/,2
23,en,tbilisi brutalist building,/en/blog/soviet-tbilisi-tour/,8.1,/en/ekskursiya/sovetskiy-tur-tbilisi/,10
22,ru,что посмотреть в кахетии,/blog/kakheti-za-1-den/,41,/ekskursiya/ekskursiya-kakheti-iz-tbilisi/,43.9
22,en,დიახ,/en/blog/tbilisoba/,1,/ge/ekskursiya/kvevri-vino-tur/,6
22,en,truso tours,/en/blog/truso-valley-hike/,5,/en/ekskursiya/ekskursiya-truso/,14.8
22,en,evet,/en/blog/borjomi-complete-guide/,2,/en/ekskursiya/rtveli-grape-harvest/,10
21,ru,вардзия из тбилиси,/blog/vardzia/,7,/ekskursiya/ekskursiya-vardzia/,7.6
21,ru,батуми тбилиси,/blog/poezd-tbilisi-batumi/,4,/ekskursiya/tur-batumi-iz-tbilisi/,58.2
21,ge,ურეკის პლაჟი,/ge/blog/ureki-beach/,2.7,/ge/ekskursiya/ekskursiya-ureki-iz-tbilisi/,5
21,en,თბილისი ბათუმი,/en/blog/tbilisi-batumi-train/,4,/ekskursiya/tur-batumi-iz-tbilisi/,76.7
21,en,martvili canyon ticket price 2026,/en/blog/martvili-canyon/,8.7,/en/ekskursiya/ekskursiya-kanyony-zapadnoy-gruzii/,10.8
21,en,kazbegi tour,/en/blog/kazbegi-day-trip-from-tbilisi/,13.4,/ekskursiya/ekskursiya-kazbegi-iz-tbilisi/,78.2
20,ru,ртвели 2026,/blog/tbilisoba/,2.9,/ekskursiya/rtveli-sbor-vinograda/,7.5
20,ru,мцхета как добраться,/blog/mtskheta-iz-tbilisi/,18.5,/ekskursiya/ekskursiya-mtskheta-iz-tbilisi/,33.2
20,ge,წინუბნის აბანოები,/ge/blog/sulfur-baths-tbilisi/,9.9,/ge/ekskursiya/ekskursiya-abanotubani/,10.5
20,en,тбилиси батуми,/en/blog/batumi-from-tbilisi/,3,/ekskursiya/tur-batumi-iz-tbilisi/,71.3
20,en,tbilisi to mtskheta and jvari monastery day trip,/en/blog/mtskheta-day-trip/,22.5,/en/ekskursiya/ekskursiya-mtskheta-iz-tbilisi/,56
20,en,magnetiti beach,/en/blog/ureki-beach/,5.8,/en/ekskursiya/ekskursiya-ureki-iz-tbilisi/,7
20,en,david gareja cave monastery,/en/blog/david-gareja-monastery/#border,8,/en/ekskursiya/ekskursiya-david-gareji/,8.5
19,ru,тбилиси нарикала,/blog/narikala-tbilisi/,10.2,/ekskursiya/ekskursiya-narikala/,43.8
19,ge,მცხეთის ტური,/ge/blog/mtskheta-day-trip/#food,8,/ge/ekskursiya/ekskursiya-mtskheta-iz-tbilisi/,9
19,ge,დაჯავშნეთ ტურები,/ge/blog/private-guide-cost-tbilisi/,10.5,/ge/tours-from-ufa/,80
19,en,казбек,/en/blog/kazbegi-day-trip-from-tbilisi/,1,/ekskursiya/ekskursiya-kazbegi-iz-tbilisi/,9
19,en,martvili canyon ticket price 2026 georgia,/en/blog/martvili-canyon/,8.4,/en/ekskursiya/ekskursiya-kanyony-zapadnoy-gruzii/,10
19,en,da,/en/blog/georgia-in-september/,1,/en/ekskursiya/ekskursiya-dashbashi-iz-tbilisi/,7
18,ru,тур по грузии (7 дней),/blog/gruziya-7-dney/,8.8,/ekskursiya/tur-gruziya-7-dney/,30
18,ru,стоимость,/blog/kanatnaya-doroga-tbilisi/,1.5,/ekskursiya/vinodelie-kindzmarauli/,2
18,ru,канатная дорога нарикала,/blog/kanatnaya-doroga-tbilisi/,10,/ekskursiya/ekskursiya-narikala/,27.5
18,ru,казбеги из тбилиси,/blog/kazbegi-iz-tbilisi-2026/,13.9,/ekskursiya/ekskursiya-kazbegi-iz-tbilisi/,27.2
18,ge,საექსკურსიო ადგილები ბავშვებისთვის,/ge/blog/tbilisi-with-kids-guide/,8.1,/ge/tury-v-gruziyu-s-detmi/,9
18,en,vardzia holidays,/en/blog/vardzia-cave-monastery/,19.5,/en/ekskursiya/ekskursiya-vardzia/,66
17,ru,экскурсии из батуми,/blog/chto-privezti-iz-gruzii/,6,/ekskursiya/tur-batumi-iz-tbilisi/,90.1
17,ru,мцхета,/blog/skolko-stoit-otdyh-v-gruzii/,3,/ekskursiya/ekskursiya-mtskheta-iz-tbilisi/,64.4
17,ru,кахетия тур из тбилиси,/blog/kakheti-za-1-den/,6.8,/ekskursiya/ekskursiya-kakheti-iz-tbilisi/,10
17,en,borjomi turi,/en/blog/borjomi-complete-guide/,1,/ge/ekskursiya/ekskursiya-borjomi-iz-tbilisi/,11.1
16,ru,тур в казбеги из тбилиси,/blog/kazbegi-iz-tbilisi-2026/,9,/ekskursiya/ekskursiya-kazbegi-iz-tbilisi/,12
16,ru,трусовское ущелье,/blog/ushchelye-truso/,31.2,/ekskursiya/ekskursiya-truso/,36.2
16,en,ურეკის,/en/blog/ureki-beach/,1,/ge/ekskursiya/ekskursiya-ureki-iz-tbilisi/,11.2
16,en,кутаиси,/en/blog/what-to-buy-in-georgia/,2,/ekskursiya/tur-kutaisi-iz-tbilisi/,7.9
16,en,tbilisi by night,/en/blog/friday-in-tbilisi/,6,/en/ekskursiya/nochnaya-ekskursiya-tbilisi/,27
16,en,narikala castle,/en/blog/narikala-fortress-tbilisi/,11,/en/ekskursiya/ekskursiya-narikala/,60
16,en,david gareja georgia,/en/blog/david-gareja-monastery/,8,/en/ekskursiya/ekskursiya-david-gareji/,9
16,en,both,/en/blog/ureki-beach/,1,/en/ekskursiya/shopping-tur-tbilisi/,2
15,en,truso valley tour,/en/blog/truso-valley-hike/,6.9,/en/ekskursiya/hayking-truso-iz-kazbegi/,13
15,en,tbilisi to kazbegi marshrutka price 2026,/en/blog/transfer-tbilisi-to-kazbegi/#marshrutka,2,/en/ekskursiya/kazbegi-transfer-from-tbilisi/,9
15,en,"narikala fortress,",/en/blog/narikala-fortress-tbilisi/,9.6,/en/ekskursiya/ekskursiya-narikala/,67
15,en,abanotubani tbilisi,/en/blog/sulfur-baths-tbilisi/,13.3,/en/ekskursiya/ekskursiya-abanotubani/,22.4
14,ru,экскурсии в батуми,/blog/chto-privezti-iz-gruzii/,4,/ekskursiya/tur-batumi-iz-tbilisi/,86.9
14,ru,тбилиси крепость нарикала,/blog/narikala-tbilisi/,10.8,/ekskursiya/ekskursiya-narikala/,38
14,ru,район серных бань в тбилиси,/blog/sernye-bani-tbilisi/,7.2,/ekskursiya/ekskursiya-abanotubani/,10
14,ru,отпуск в грузии сколько стоит,/blog/skolko-stoit-otdyh-v-gruzii/,14.5,/prices/,82
14,ru,когда лучше ехать на гомис мта,/blog/skolko-stoit-otdyh-v-gruzii/,2,/ekskursiya/ekskursiya-gomis-mta-iz-batumi/,8.1
14,en,ναι,/en/blog/sim-card-internet-georgia/,1,/en/ekskursiya/ekskursiya-dashbashi-iz-tbilisi/,3
14,en,tbilisi - batumi,/en/blog/batumi-from-tbilisi/,7.5,/ekskursiya/tur-batumi-iz-tbilisi/,10
14,en,sighnaghi day trip from tbilisi,/en/blog/kakheti-one-day-trip/,7.4,/en/ekskursiya/ekskursiya-sighnaghi-iz-tbilisi/,49
14,en,price,/en/blog/car-rental-tbilisi/,2,/en/ekskursiya/ekskursiya-gomis-mta-iz-batumi/,6
14,en,narikala fortres,/en/blog/narikala-fortress-tbilisi/,9.9,/en/ekskursiya/ekskursiya-narikala/,68
13,ru,что посмотреть в батуми,/blog/skolko-stoit-otdyh-v-gruzii/,2,/ekskursiya/tur-batumi-iz-tbilisi/,8.6
13,ru,ущелье трусо,/blog/ushchelya-gruzii/,10,/ekskursiya/ekskursiya-truso/,17
13,ru,тур в грузию на 7 дней,/blog/gruziya-7-dney/,6,/ekskursiya/tur-gruziya-7-dney/,12.2
13,ru,рафтинг в грузии,/blog/rafting-v-gruzii/,12.5,/ekskursiya/priklyuchencheskiy-tur-gruziya/,23
13,ge,თბილისიდან ბათუმამდე,/ge/blog/tbilisi-batumi-train/,9.3,/ge/ekskursiya/tur-batumi-2-dnya/,10
13,en,поезд батуми тбилиси,/en/blog/tbilisi-batumi-train/,5.9,/ekskursiya/tur-batumi-iz-tbilisi/,44
13,en,vardzia tours,/en/blog/vardzia-cave-monastery/,9,/en/ekskursiya/ekskursiya-vardzia/,10
13,en,tbilisi svaneti,/en/blog/svaneti-guide/,4.5,/en/ekskursiya/ekskursiya-svaneti-iz-tbilisi/,9
13,en,tbilisi family vacation,/en/blog/georgia-with-kids/,14.2,/en/ekskursiya/family-tur-tbilisi/,65.8
13,en,svaneti to tbilisi,/en/blog/batumi-from-tbilisi/,3,/en/ekskursiya/ekskursiya-svaneti-iz-tbilisi/,5.8
13,en,kakheti holidays,/en/blog/kakheti-complete-guide/,27.3,/ekskursiya/ekskursiya-kakheti-iz-tbilisi/,88.5
12,ru,столица грузии,/blog/gruziya-kogda-ekhat/,3,/ekskursiya/ekskursiya-mtskheta-iz-tbilisi/,11
12,ru,мцхета достопримечательности,/blog/mtskheta-iz-tbilisi/,27.8,/ekskursiya/ekskursiya-mtskheta-iz-tbilisi/,39.5
12,en,какое море в грузии батуми,/en/blog/what-to-buy-in-georgia/,2,/ekskursiya/tur-batumi-iz-tbilisi/,10
12,en,а в грузию?,/en/blog/georgia-visa-2026/,1.3,/tury-v-gruziyu-iz-mahachkaly/,2
12,en,tbilisi to jvari monastery,/en/blog/mtskheta-day-trip/,6,/en/ekskursiya/ekskursiya-jvari-iz-tbilisi/,8.7
12,en,narikala fortress opening hours,/en/blog/botanical-garden-tbilisi/,9.2,/en/ekskursiya/ekskursiya-narikala/,11
12,en,kakheti tours,/en/blog/kakheti-wine-tour/,14,/en/ekskursiya/ekskursiya-kakheti-iz-tbilisi/,23.6
11,ru,туры в грузию с детьми,/blog/gruziya-s-detmi/#chego-izbegat,8,/tury-v-gruziyu-s-detmi/,39
11,ru,казбег,/blog/kogda-ekhat-v-kazbegi/,4.5,/ekskursiya/ekskursiya-kazbegi-iz-tbilisi/,5.3
11,ru,из тбилиси в кахетию,/blog/kakheti-za-1-den/#route,11,/ekskursiya/ekskursiya-kakheti-iz-tbilisi/,55.5
11,ru,из тбилиси в вардзию,/blog/vardzia/#route,6,/ekskursiya/ekskursiya-vardzia/,8.2
11,en,october,/en/blog/best-time-visit-kazbegi/,1,/en/ekskursiya/ekskursiya-gomis-mta-iz-batumi/,5
11,en,kaxeti,/en/blog/kakheti-complete-guide/,2,/ekskursiya/ekskursiya-kakheti-iz-tbilisi/,13.6
11,en,borjomi holiday packages,/en/blog/borjomi-complete-guide/,12,/en/ekskursiya/ekskursiya-borjomi-iz-tbilisi/,37.8
10,ru,туры в казбеги,/blog/kazbegi-iz-tbilisi-2026/,4,/ekskursiya/tur-kazbegi-kakheti-2-dnya/,30
10,ru,тбилиси в сентябре,/blog/gruziya-v-sentyabre/,7.6,/ekskursiya/ekskursiya-kazbegi-iz-tbilisi/,15
10,ru,путешествие в грузию,/blog/chto-privezti-iz-gruzii/,3,/tury-v-gruziyu/,87
10,ru,батуми экскурсии,/blog/chto-privezti-iz-gruzii/,2,/ekskursiya/tur-batumi-iz-tbilisi/,45.5
10,ge,ურეკის სანაპირო,/ge/blog/ureki-beach/,8,/ge/ekskursiya/ekskursiya-ureki-iz-tbilisi/,9.9
10,en,а в грузию,/en/blog/georgia-trip-cost/,1,/en/tours-from-stavropol/,12
10,en,tiblisi batumi,/en/blog/batumi-from-tbilisi/,7.7,/ekskursiya/tur-batumi-iz-tbilisi/,9
10,en,soviet architecture in georgia,/en/blog/soviet-tbilisi-tour/#photography,9,/en/ekskursiya/sovetskiy-tur-tbilisi/,14.5
10,en,jvari monastery,/en/blog/mtskheta-day-trip/,3,/en/ekskursiya/ekskursiya-jvari-iz-tbilisi/,4.6
10,en,distanta tbilisi batumi,/en/blog/batumi-from-tbilisi/,9,/en/ekskursiya/tur-batumi-iz-tbilisi/,10
10,en,ano,/en/blog/georgia-visa-2026/,1,/en/ekskursiya/ekskursiya-jvari-iz-tbilisi/,2
9,ru,тбилиси джвари расстояние,/blog/mtskheta-iz-tbilisi/,10.2,/ekskursiya/ekskursiya-jvari-iz-tbilisi/,11
9,ru,кахетия что посмотреть,/blog/kakheti-za-1-den/,2.5,/ekskursiya/ekskursiya-kakheti-iz-tbilisi/,63.6
9,ru,грузия на 3 дня,/blog/tbilisi-za-3-dnya/,3.5,/ekskursiya/tur-gruziya-3-dnya/,9.2
9,ru,батумский ботанический сад билеты,/blog/botanicheskiy-sad-tbilisi/,1,/ekskursiya/tur-batumi-iz-tbilisi/,6
9,en,отдых в грузии на море,/en/blog/what-to-buy-in-georgia/,2.5,/tury-v-gruziyu-iz-kazahstana/,3
9,en,vardzia tour,/en/blog/vardzia-cave-monastery/,12.5,/en/ekskursiya/ekskursiya-vardzia/,21.9
9,en,ureki georgia magnetic sand beach official tourism,/en/blog/ureki-beach/,5.5,/en/ekskursiya/ekskursiya-ureki-iz-tbilisi/,7.1
9,en,martvili canyon boat ride price 2026,/en/blog/martvili-canyon/,6.2,/en/ekskursiya/ekskursiya-kanyony-zapadnoy-gruzii/,7.7
9,en,kakheti wine harvest,/en/blog/kakheti-in-autumn/,4.6,/en/ekskursiya/rtveli-grape-harvest/,8.2
9,en,images,/en/blog/borjomi-complete-guide/,2,/en/ekskursiya/ekskursiya-ananuri-iz-tbilisi/,4
9,en,georgia soviet architecture,/en/blog/soviet-tbilisi-tour/,10,/en/ekskursiya/sovetskiy-tur-tbilisi/,11
8,ru,экскурсии в кахетию из тбилиси,/blog/kakheti-za-1-den/,8.5,/ekskursiya/ekskursiya-kakheti-iz-tbilisi/,16.5
8,ru,что посмотреть в грузии,/blog/chto-privezti-iz-gruzii/,2,/ekskursiya/tur-batumi-iz-tbilisi/,42
8,ru,тур в тбилиси на 3 дня,/blog/gruzinskie-frazy/,3,/ekskursiya/tur-gruziya-3-dnya/,9
8,ru,тбилиси черное море,/blog/chernoe-more-gruzii/,3.6,/ekskursiya/tur-batumi-iz-tbilisi/,42
8,ru,сколько стоит поехать в грузию,/blog/skolko-stoit-otdyh-v-gruzii/,6,/ekskursiya/tur-batumi-iz-tbilisi/,7
8,ru,серные бани в тбилиси цена,/blog/sernye-bani-tbilisi/,8.2,/ekskursiya/ekskursiya-abanotubani/,12.5
8,ru,подробнее,/blog/arenda-kvartiry-tbilisi/,1,/ekskursiya/rtveli-sbor-vinograda/,2
8,ru,как добраться из тбилиси в батуми,/blog/poezd-tbilisi-batumi/,2,/ekskursiya/tur-batumi-iz-tbilisi/,92
8,ru,долина трусо,/blog/ushchelya-gruzii/,10.8,/ekskursiya/ekskursiya-truso/,58
8,ru,гори и уплисцихе,/blog/tury-v-gori-2026/,11.1,/ekskursiya/ekskursiya-gori-iz-tbilisi/,64
8,en,այո,/en/blog/georgia-trip-cost/,1,/en/ekskursiya/ekskursiya-dashbashi-iz-tbilisi/,6.5
8,en,грузия батуми,/en/blog/batumi-complete-guide/,1,/ekskursiya/tur-batumi-iz-tbilisi/,15.2
8,en,where is this,/en/blog/best-restaurants-tbilisi/,6,/en/ekskursiya/fotosessiya-tbilisi/,16
8,en,ureki magnetic sand official georgia tourism,/en/blog/ureki-beach/,6,/en/ekskursiya/ekskursiya-ureki-iz-tbilisi/,9.4
8,en,ureki magnetic sand beach georgia official tourism,/en/blog/ureki-beach/,4.4,/en/ekskursiya/ekskursiya-ureki-iz-tbilisi/,6
8,en,tbilisi airport to kazbegi,/en/blog/transfer-tbilisi-to-kazbegi/,6.3,/en/ekskursiya/transfer-aeroport-tbilisi/,11
8,en,narikala fortress viewpoint,/en/blog/narikala-fortress-tbilisi/,2.8,/en/ekskursiya/ekskursiya-narikala/,9.5
8,en,holidays to mtskheta,/en/blog/mtskheta-day-trip/,16.7,/en/ekskursiya/ekskursiya-mtskheta-iz-tbilisi/,43
8,en,georgia narikala fortress,/en/blog/narikala-fortress-tbilisi/,11.6,/en/ekskursiya/ekskursiya-narikala/,67
8,en,batumi travel,/en/blog/batumi-complete-guide/,37.2,/ekskursiya/tur-batumi-iz-tbilisi/,38.7
7,ru,экскурсия в мцхету из тбилиси,/blog/tbilisi-besplatno/,4,/ekskursiya/ekskursiya-mtskheta-iz-tbilisi/,11
7,ru,туры в кахетию из тбилиси,/blog/kazbegi-ili-kakheti/,2,/ekskursiya/ekskursiya-kakheti-iz-tbilisi/,6
7,ru,тур в кахетию,/blog/kakheti-za-1-den/,11,/ekskursiya/ekskursiya-kakheti-iz-tbilisi/,62.8
7,ru,октябрь,/blog/batumi-iz-tbilisi/,1,/en/prices/,3
7,ru,маршрут по грузии на 5 дней,/blog/skolko-stoit-otdyh-v-gruzii/,5,/ekskursiya/tur-gruziya-5-dney/,7
7,ru,кахетия грузия,/blog/kazbegi-ili-kakheti/,2,/ekskursiya/ekskursiya-kakheti-iz-tbilisi/,74.8
7,ru,казбек грузия,/blog/kogda-ekhat-v-kazbegi/,3,/ekskursiya/ekskursiya-kazbegi-iz-tbilisi/,8.8
7,ru,из тбилиси в батуми,/blog/poezd-tbilisi-batumi/,3,/ekskursiya/tur-batumi-iz-tbilisi/,97.3
7,ge,ფასი,/ge/blog/tbilisi-cable-car/,2,/en/ekskursiya/ekskursiya-bakuriani-iz-tbilisi/,5
7,ge,სვანეთი თბილისი,/ge/blog/svaneti-guide/,4,/ge/ekskursiya/ekskursiya-svaneti-iz-tbilisi/,9.8
7,ge,როდის იწყება რთველი კახეთში,/ge/blog/kakheti-in-autumn/,8.6,/ge/ekskursiya/rtveli-grape-harvest/,10
7,en,מבצר נריקלה,/en/blog/narikala-fortress-tbilisi/,7.5,/en/ekskursiya/ekskursiya-narikala/,29
7,en,поездка в грузию,/en/blog/georgia-with-pets/,2,/tury-v-gruziyu/,77
7,en,в конце сентября,/en/blog/batumi-from-tbilisi/,1,/ekskursiya/ekskursiya-mtatsminda/,3
7,en,sure,/en/blog/kakheti-in-autumn/,1,/en/ekskursiya/rtveli-grape-harvest/,4
7,en,olur,/en/blog/botanical-garden-tbilisi/,2,/en/ekskursiya/tur-gruziya-leto/,4
7,en,kakheti grape harvest,/en/blog/kakheti-in-autumn/,5.7,/en/ekskursiya/rtveli-grape-harvest/,7
6,ru,тбилиси батуми расстояние,/blog/poezd-tbilisi-batumi/,2,/ekskursiya/tur-batumi-iz-tbilisi/,39.6
6,ru,путешествие по грузии с детьми,/blog/gruziya-s-detmi/,38.8,/tury-v-gruziyu-s-detmi/,73
6,ru,гора казбек,/blog/kazbegi-iz-tbilisi-2026/,10,/ekskursiya/ekskursiya-kazbegi-iz-tbilisi/,28.2
6,en,ფასი?,/en/blog/tbilisi-lakes/,1,/en/ekskursiya/ekskursiya-racha-iz-tbilisi/,5
6,en,экскурсия из тбилиси в казбеги,/en/blog/kazbegi-day-trip-from-tbilisi/,1,/ekskursiya/ekskursiya-kazbegi-iz-tbilisi/,25
6,en,ureki magnetic sand official tourism georgia,/en/blog/ureki-beach/,5,/en/ekskursiya/ekskursiya-ureki-iz-tbilisi/,7.2
6,en,ne,/en/blog/georgia-in-september/,1,/en/ekskursiya/ekskursiya-uplistsikhe-iz-tbilisi/,11
6,en,more,/en/blog/history-of-tbilisi/,4,/en/ekskursiya/ekskursiya-svaneti-iz-tbilisi/,5
6,en,jvari,/en/blog/mtskheta-day-trip/,4,/en/ekskursiya/ekskursiya-jvari-iz-tbilisi/,8.4
6,en,juta valley,/en/blog/kazbegi-in-winter/,3,/en/ekskursiya/hayking-juta-chaukhi-iz-kazbegi/,57
5,ru,что посмотреть по дороге из тбилиси в батуми,/blog/batumi-iz-tbilisi/,9.5,/ekskursiya/tur-batumi-iz-tbilisi/,12.7
5,ru,что посмотреть в мцхете,/blog/mtskheta-iz-tbilisi/,18.7,/ekskursiya/ekskursiya-mtskheta-iz-tbilisi/,80
5,ru,тбилиси и батуми,/blog/restorany-tbilisi/,1,/ekskursiya/tur-batumi-iz-tbilisi/,20.5
5,ru,маршрут по грузии на 10 дней,/blog/gruziya-7-dney/,36.8,/ekskursiya/,62
5,ru,магнитный песок купить,/blog/ureki-plyazh/,3.3,/ekskursiya/ekskursiya-ureki-iz-tbilisi/,9
5,ru,грузия туры,/blog/gruziya-7-dney/,2,/ekskursiya/tur-batumi-iz-tbilisi/,4
5,ru,грузия на неделю,/blog/gruziya-7-dney/,31.8,/ekskursiya/tur-gruziya-7-dney/,70
5,ru,винодельни кахетии,/blog/tury-v-kakheti-2026/,8.2,/ekskursiya/ekskursiya-kakheti-iz-tbilisi/,41
5,ru,батуми что посмотреть,/blog/chto-privezti-iz-gruzii/,2.5,/ekskursiya/tur-batumi-iz-tbilisi/,27
5,ge,რთველი,/ge/blog/kakheti-in-autumn/,1,/ge/ekskursiya/rtveli-grape-harvest/,5.8
5,en,ფოტოგრაფი თბილისი,/en/blog/tbilisi-photo-spots/,19,/en/ekskursiya/fotosessiya-tbilisi/,30.5
5,en,კახეთში,/en/blog/kakheti-in-autumn/,3,/ge/ekskursiya/rtveli-grape-harvest/,6.5
5,en,что посмотреть в кутаиси,/en/blog/tbilisi-cable-car/,2,/ekskursiya/tur-kutaisi-iz-tbilisi/,5.8
5,en,сколько,/en/blog/borjomi-from-tbilisi/,2,/tury-v-gruziyu-iz-erevana/,4
5,en,сванетия,/en/blog/svaneti-guide/,1,/ekskursiya/ekskursiya-svaneti-iz-tbilisi/,2.7
5,en,кахетии,/en/blog/georgia-in-september/,2,/ekskursiya/ekskursiya-kakheti-iz-tbilisi/,11.7
5,en,yes pls,/en/blog/tbilisi-techno-scene/,4,/en/ekskursiya/ekskursiya-stary-tbilisi/,6
5,en,truso gorge georgia,/en/blog/truso-valley-hike/,10.5,/en/ekskursiya/ekskursiya-truso/,11
5,en,travertine mineral springs georgia,/en/blog/truso-valley-hike/,11,/en/ekskursiya/ekskursiya-truso/,11.5
5,en,tbilisi to borjomi and akhalkalaki transfer,/en/blog/borjomi-from-tbilisi/,19.7,/en/ekskursiya/ekskursiya-borjomi-iz-tbilisi/,63.5
5,en,tbilisi airport transfer,/en/blog/tbilisi-airport-guide/,4,/en/ekskursiya/transfer-aeroport-tbilisi/,23.2
5,en,rtveli georgia,/en/blog/kakheti-in-autumn/,2,/en/ekskursiya/rtveli-grape-harvest/,6.2
5,en,mtskheta tour,/en/blog/mtskheta-day-trip/,3,/ekskursiya/ekskursiya-mtskheta-iz-tbilisi/,8
5,en,kaheti,/en/blog/kakheti-complete-guide/,32,/ekskursiya/ekskursiya-kakheti-iz-tbilisi/,62
5,en,how much does it cost?,/en/blog/kazbegi-day-trip-from-tbilisi/,1,/en/ekskursiya/progulka-po-kure-tbilisi/,3
5,en,gergeti trinity church,/en/blog/transfer-tbilisi-to-kazbegi/,2,/en/ekskursiya/tur-po-hramam-tbilisi/,3
5,en,abanotubani district,/en/blog/sulfur-baths-tbilisi/,3.5,/en/ekskursiya/ekskursiya-abanotubani/,15
4,ru,туры в грузию из астаны,/blog/skolko-stoit-otdyh-v-gruzii/,2,/tury-v-gruziyu-iz-kazahstana/,21.7
4,ru,тур в грузию из спб,/blog/gruziya-kogda-ekhat/,2,/tury-v-gruziyu-iz-spb/,56
4,ru,поездка в казбеги,/blog/kazbegi-iz-tbilisi-2026/,16.5,/ekskursiya/ekskursiya-kazbegi-iz-tbilisi/,79.5
4,ru,отдых в грузии 2026,/blog/chto-privezti-iz-gruzii/,3,/tury-v-gruziyu/,10
4,ru,грузия туры 2026,/blog/gruziya-kogda-ekhat/,5,/tury-v-gruziyu/,10
4,ge,საქართველო,/ge/blog/georgia-passport-requirements/,1,/en/ekskursiya/ekskursiya-vardzia/,2
4,en,նկարներ,/en/blog/mtskheta-day-trip/,1,/en/ekskursiya/korporativniy-tur-tbilisi/,11
4,en,туры в грузию из ташкента отзывы,/en/blog/what-to-buy-in-georgia/,3,/tury-v-gruziyu-iz-tashkenta/,13
4,en,из батуми в тбилиси,/en/blog/tbilisi-batumi-train/,4.3,/ekskursiya/tur-batumi-iz-tbilisi/,14
4,en,батумі,/en/blog/batumi-complete-guide/,3.7,/ekskursiya/tur-batumi-iz-tbilisi/,10
4,en,telavi to kazbegi,/en/blog/kazbegi-day-trip-from-tbilisi/,14,/en/ekskursiya/ekskursiya-telavi-iz-tbilisi/,26
4,en,tbilsi batumi,/en/blog/batumi-from-tbilisi/,8.3,/ekskursiya/tur-batumi-iz-tbilisi/,10
4,en,tbilisi old town wall ruins,/en/blog/free-things-tbilisi/,4,/en/ekskursiya/ekskursiya-stary-tbilisi/,37.7
4,en,stepansminda,/en/blog/transfer-tbilisi-to-kazbegi/,1,/en/ekskursiya/ekskursiya-kazbegi-iz-tbilisi/,4
4,en,narikala hill,/en/blog/narikala-fortress-tbilisi/,12.3,/en/ekskursiya/ekskursiya-narikala/,79
4,en,narikala fortress opening hours 2026,/en/blog/botanical-garden-tbilisi/,7.3,/en/ekskursiya/ekskursiya-narikala/,16
4,en,martvili canyon boat tour,/en/blog/martvili-canyon/,9.7,/en/ekskursiya/ekskursiya-kanyony-zapadnoy-gruzii/,11
4,en,kachetia,/en/blog/kakheti-complete-guide/,10,/ekskursiya/ekskursiya-kakheti-iz-tbilisi/,48
4,en,isterim,/en/blog/what-to-buy-in-georgia/,1.5,/en/ekskursiya/ekskursiya-tusheti/,3
4,en,airport transfer,/en/blog/tbilisi-taxi-guide/,1,/en/ekskursiya/transfer-aeroport-tbilisi/,68.7
4,en,abanotubani tbilisi georgia,/en/blog/sulfur-baths-tbilisi/,7,/en/ekskursiya/ekskursiya-abanotubani/,20
3,ru,что посмотреть в кахетии за 1 день,/blog/kakheti-za-1-den/,10.5,/ekskursiya/ekskursiya-kakheti-iz-tbilisi/,14
3,ru,что посмотреть в батуми за 1 день,/blog/chto-privezti-iz-gruzii/,3,/ekskursiya/tur-batumi-iz-tbilisi/,55
3,ru,уплисцихе как добраться из тбилиси,/blog/tury-v-gori-2026/,6.5,/ekskursiya/ekskursiya-uplistsikhe-iz-tbilisi/,38
3,ru,туры в кахетию,/blog/kazbegi-ili-kakheti/,2,/ekskursiya/ekskursiya-kakheti-iz-tbilisi/,19
3,ru,туры в грузию из челябинска,/blog/skolko-stoit-otdyh-v-gruzii/,4,/tury-v-gruziyu-iz-chelyabinska/,8.5
3,ru,сколько стоит отдых в грузии на 10 дней,/blog/skolko-stoit-otdyh-v-gruzii/,5.5,/ekskursiya/ekskursiya-kakheti-iz-tbilisi/,27
3,ru,поездка в грузию из казахстана самостоятельно,/blog/skolko-stoit-otdyh-v-gruzii/,3,/tury-v-gruziyu-iz-kazahstana/,25
3,ru,крепость нарикала в грузии,/blog/narikala-tbilisi/,12,/ekskursiya/ekskursiya-narikala/,49
3,ru,грузия осенью,/blog/gruziya-v-sentyabre/,1,/ekskursiya/ekskursiya-kakheti-iz-tbilisi/,42.5
3,ru,время в батуми,/blog/chaevye-v-gruzii/,2,/ekskursiya/tur-batumi-iz-tbilisi/,7
3,ge,მთაწმინდის საბაგირო ფასი 2026 თბილისი,/ge/blog/tbilisi-cable-car/,6,/ge/ekskursiya/ekskursiya-mtatsminda/,7
3,en,ジョージア,/en/blog/georgia-visa-2026/,1,/en/ekskursiya/ekskursiya-narikala/,2
3,en,экскурсии грузия,/en/blog/what-to-buy-in-georgia/,6,/ekskursiya/,26
3,en,что посмотреть в батуми за 5 дней,/en/blog/what-to-buy-in-georgia/,3,/ekskursiya/tur-batumi-iz-tbilisi/,13
3,en,туры в грузию из новосибирска,/en/blog/what-to-buy-in-georgia/,5,/tury-v-gruziyu-iz-novosibirska/,10
3,en,uplistsikhe cave city,/en/blog/gori-uplistsikhe-guide/,2.5,/en/ekskursiya/ekskursiya-uplistsikhe-iz-tbilisi/,15
3,en,try again,/en/blog/tbilisi-batumi-train/,3,/en/ekskursiya/ekskursiya-svaneti-iz-tbilisi/,5
3,en,trusos special,/en/blog/truso-valley-hike/,7,/en/ekskursiya/ekskursiya-truso/,8.5
3,en,things to do in batumi,/en/blog/what-to-buy-in-georgia/,3,/en/ekskursiya/tur-batumi-iz-tbilisi/,3.5
3,en,tbilisi to bakuriani,/en/blog/tbilisi-batumi-train/,2,/en/ekskursiya/ekskursiya-bakuriani-iz-tbilisi/,41.5
3,en,tbilisi to ananuri fortress,/en/blog/kazbegi-in-winter/,2,/en/ekskursiya/ekskursiya-ananuri-iz-tbilisi/,10
3,en,tbilisi group tours,/en/blog/tbilisi-tours-guide/,29,/en/ekskursiya/korporativniy-tur-tbilisi/,49
3,en,tbilisi family,/en/blog/tbilisi-with-kids-guide/,7,/en/ekskursiya/family-tur-tbilisi/,13
3,en,tbilisi cable car narikala price 2026,/en/blog/tbilisi-cable-car/,1,/en/ekskursiya/ekskursiya-narikala/,3.5
3,en,show me photos,/en/blog/david-gareja-monastery/,3,/en/ekskursiya/ekskursiya-gomis-mta-iz-batumi/,4
3,en,show me images,/en/blog/kazbegi-in-winter/,3,/en/ekskursiya/ekskursiya-uplistsikhe-iz-tbilisi/,44
3,en,narikala fortress tbilisi view,/en/blog/narikala-fortress-tbilisi/,4.5,/en/ekskursiya/ekskursiya-narikala/,12
3,en,kakheti grape harvest september,/en/blog/georgia-in-september/,1,/en/ekskursiya/rtveli-grape-harvest/,3
3,en,immagini,/en/blog/ureki-beach/,3,/en/ekskursiya/ekskursiya-narikala/,3.5
3,en,ha,/en/blog/georgia-visa-2026/,1,/en/ekskursiya/ekskursiya-ananuri-iz-tbilisi/,8
3,en,georgia in october,/en/blog/what-to-buy-in-georgia/,2,/en/ekskursiya/rtveli-grape-harvest/,6
3,en,family,/en/blog/georgia-with-kids/,3,/en/ekskursiya/rtveli-grape-harvest/,11
3,en,diamond bridge georgia,/en/blog/botanical-garden-tbilisi/,2,/en/ekskursiya/ekskursiya-dashbashi-iz-tbilisi/,5
3,en,and georgia,/en/blog/georgian-alphabet/,2,/en/ekskursiya/rtveli-grape-harvest/,5
3,en,all pic,/en/blog/georgia-with-kids/,1,/en/ekskursiya/ekskursiya-stary-tbilisi/,7
3,en,4x4,/en/blog/truso-valley-hike/,5,/en/ekskursiya/ushguli-iz-mestii/,8
2,ru,уплисцихе тбилиси расстояние,/blog/tury-v-gori-2026/,11,/ekskursiya/ekskursiya-uplistsikhe-iz-tbilisi/,31
2,ru,тур в грузию зимой,/blog/gruziya-zimoy/,19,/tury-v-gruziyu-zimoy/,46
2,ru,тбилиси уреки,/blog/ureki-plyazh/,2,/ekskursiya/ekskursiya-ureki-iz-tbilisi/,25
2,ru,стоимость вина в грузии,/blog/chto-privezti-iz-gruzii/,12,/ekskursiya/gastronomicheskiy-tur-tbilisi/,13
2,ru,сколько будет стоить,/blog/taksi-tbilisi/,2,/ekskursiya/ekskursiya-gomis-mta-iz-batumi/,3
2,ru,с 5 по 15 октября,/blog/tbilisoba/,1,/en/ekskursiya/tur-dlya-pensionerov-gruziya/,20
2,ru,погода в тбилиси на 14 дней,/blog/chto-privezti-iz-gruzii/,4,/ekskursiya/tur-batumi-iz-tbilisi/,19
2,ru,отдых в батуми,/blog/chto-privezti-iz-gruzii/,3,/ekskursiya/tur-batumi-iz-tbilisi/,95
2,ru,мцхете,/blog/mtskheta-iz-tbilisi/,3,/ekskursiya/ekskursiya-mtskheta-iz-tbilisi/,10
2,ru,мцхета тбилиси расстояние,/blog/mtskheta-iz-tbilisi/,27,/ekskursiya/ekskursiya-mtskheta-iz-tbilisi/,44
2,ru,кахетия достопримечательности,/blog/david-gareji/,7,/ekskursiya/ekskursiya-kakheti-iz-tbilisi/,72
2,ru,какая цена,/blog/taksi-tbilisi/,1,/ekskursiya/ekskursiya-zugdidi/,2
2,ru,какая стоимость,/blog/poezd-tbilisi-batumi/,1,/ekskursiya/ekskursiya-tusheti/,2
2,ru,казбеги дорога,/blog/kazbegi-iz-tbilisi-2026/,33,/ekskursiya/ekskursiya-kazbegi-iz-tbilisi/,85
2,ru,жд билеты тбилиси батуми,/blog/poezd-tbilisi-batumi/,25,/ekskursiya/tur-batumi-iz-tbilisi/,51
2,ru,грузия казбеги достопримечательности,/blog/kazbegi-iz-tbilisi-2026/,34,/ekskursiya/ekskursiya-kazbegi-iz-tbilisi/,97
2,ru,батуми или тбилиси что лучше,/blog/batumi-iz-tbilisi/,11,/ekskursiya/tur-batumi-iz-tbilisi/,25
2,ge,ნარიყალას ციხე თბილისი,/ge/blog/narikala-fortress-tbilisi/,5,/ge/ekskursiya/ekskursiya-narikala/,13
2,en,وهذا,/en/blog/money-cards-georgia/,3,/en/ekskursiya/progulka-po-kure-tbilisi/,4
2,en,رحلة يوم واحد,/en/blog/kazbegi-day-trip-from-tbilisi/,10,/en/ekskursiya/ekskursiya-gudauri-iz-tbilisi/,12
2,en,טביליסי או בטומי,/en/blog/batumi-from-tbilisi/,4,/en/ekskursiya/tur-batumi-iz-tbilisi/,15
2,en,גיל 9,/en/blog/georgia-with-kids/,4,/en/ekskursiya/ekskursiya-mtatsminda/,5
2,en,אוקטובר,/en/blog/best-time-visit-kazbegi/,5,/en/ekskursiya/ekskursiya-dashbashi-iz-tbilisi/,9
2,en,фото мест,/en/blog/kakheti-in-autumn/,1,/en/ekskursiya/rtveli-grape-harvest/,2
2,en,сколько часов лететь в грузию,/en/blog/georgia-trip-cost/,2,/tury-v-gruziyu-iz-tashkenta/,10
2,en,расскажи больше,/en/blog/tbilisi-techno-scene/,3,/ekskursiya/ekskursiya-narikala/,12
2,en,на море,/en/blog/black-sea-georgia/,2,/en/ekskursiya/tur-batumi-iz-tbilisi/,5
2,en,каньон окаце,/en/blog/martvili-canyon/,3,/ekskursiya/tur-kutaisi-iz-tbilisi/,15
2,en,как добраться с тбилиси до батуми,/en/blog/tbilisi-batumi-train/,11,/ekskursiya/tur-batumi-iz-tbilisi/,87
2,en,travel month september,/en/blog/kazbegi-day-trip-from-tbilisi/,1,/en/ekskursiya/ekskursiya-ananuri-iz-tbilisi/,6
2,en,teleferik fiyatları,/en/blog/tbilisi-cable-car/,1,/en/ekskursiya/ekskursiya-mtatsminda/,4
2,en,show sample images,/en/blog/kakheti-in-autumn/,2,/en/ekskursiya/rtveli-grape-harvest/,4
2,en,show me pictures,/en/blog/what-to-buy-in-georgia/,1,/en/ekskursiya/ekskursiya-narikala/,18
2,en,precio,/en/blog/tbilisi-batumi-train/,1,/en/ekskursiya/ushguli-iz-mestii/,2
2,en,poze,/en/blog/ureki-beach/,1,/en/ekskursiya/ekskursiya-ananuri-iz-tbilisi/,3
2,en,okatse canyon walkway,/en/blog/martvili-canyon/,4,/en/ekskursiya/ekskursiya-kanyony-zapadnoy-gruzii/,25
2,en,le prix,/en/blog/tbilisi-cable-car/,4,/en/ekskursiya/degustatsiya-vina-kakheti/,5
2,en,late september,/en/blog/svaneti-guide/,2,/en/ekskursiya/hayking-truso-iz-kazbegi/,14
2,en,jvari georgia,/en/blog/mtskheta-day-trip/,3,/en/ekskursiya/ekskursiya-jvari-iz-tbilisi/,13
2,en,in the country of georgia,/en/blog/tbilisoba/,4,/en/ekskursiya/rtveli-grape-harvest/,10
2,en,ikiside,/en/blog/what-to-buy-in-georgia/,1,/en/ekskursiya/progulka-po-kure-tbilisi/,6
2,en,hediyelik eşya,/en/blog/what-to-buy-in-georgia/,1,/en/ekskursiya/shopping-tur-tbilisi/,2
2,en,guide price ticket,/en/blog/private-guide-cost-tbilisi/,1,/en/prices/,7
2,en,gruzie,/en/blog/what-to-buy-in-georgia/,3,/en/ekskursiya/ekskursiya-tusheti/,5
2,en,georgian dolomites,/en/blog/kazbegi-day-trip-from-tbilisi/,3,/en/ekskursiya/hayking-juta-chaukhi-iz-kazbegi/,10
2,en,georgia tour,/en/blog/what-to-buy-in-georgia/,3,/en/tours-in-georgia/,64
2,en,full day,/en/blog/kazbegi-day-trip-from-tbilisi/,4,/en/ekskursiya/degustatsiya-vina-kakheti/,9
2,en,dezertirebi market,/en/blog/what-to-buy-in-georgia/,9,/en/ekskursiya/shopping-tur-tbilisi/,10
2,en,david gareja frescoes,/en/blog/david-gareja-monastery/,9,/en/ekskursiya/ekskursiya-david-gareji/,24
2,en,2027,/en/blog/kazbegi-in-winter/,9,/en/ekskursiya/tur-gruziya-noviy-god/,19
