Ключевой запрос;URL;Уровень;Частотность
туры в грузию;https://sakhva-travel.com/tury-v-gruziyu/;Hub L0;ВЧ
тур в грузию;https://sakhva-travel.com/tury-v-gruziyu/;Hub L0;ВЧ
туры в грузию 2026;https://sakhva-travel.com/tury-v-gruziyu/;Hub L0;ВЧ
туры в тбилиси;https://sakhva-travel.com/tury-v-tbilisi/;L1 Spoke;СЧ
экскурсии в тбилиси;https://sakhva-travel.com/tury-v-tbilisi/;L1 Spoke;СЧ
экскурсии по тбилиси;https://sakhva-travel.com/tury-v-tbilisi/;L1 Spoke;СЧ
туры в батуми;https://sakhva-travel.com/tury-v-batumi/;L1 Spoke;СЧ
туры в батуми из тбилиси;https://sakhva-travel.com/tury-v-batumi/;L1 Spoke;СЧ
экскурсионные туры в грузию;https://sakhva-travel.com/ekskursionnye-tury-v-gruziyu/;L1 Spoke;СЧ
экскурсионный тур грузия;https://sakhva-travel.com/ekskursionnye-tury-v-gruziyu/;L1 Spoke;СЧ
индивидуальный тур в грузию;https://sakhva-travel.com/individualnyy-tur-v-gruziyu/;L1 Spoke;СЧ
частный тур грузия;https://sakhva-travel.com/individualnyy-tur-v-gruziyu/;L1 Spoke;СЧ
туры в грузию с детьми;https://sakhva-travel.com/tury-v-gruziyu-s-detmi/;L1 Spoke;СЧ
семейный тур грузия;https://sakhva-travel.com/tury-v-gruziyu-s-detmi/;L1 Spoke;СЧ
грузия с детьми;https://sakhva-travel.com/tury-v-gruziyu-s-detmi/;L1 Spoke;СЧ
групповой тур в грузию;https://sakhva-travel.com/grupovye-tury-v-gruziyu/;L1 Spoke;СЧ
тур для группы грузия;https://sakhva-travel.com/grupovye-tury-v-gruziyu/;L1 Spoke;СЧ
туры в грузию летом;https://sakhva-travel.com/tury-v-gruziyu-letom/;L1 Spoke;СЧ
туры в грузию лето 2026;https://sakhva-travel.com/tury-v-gruziyu-letom/;L1 Spoke;СЧ
грузия летом;https://sakhva-travel.com/tury-v-gruziyu-letom/;L1 Spoke;СЧ
туры в грузию зимой;https://sakhva-travel.com/tury-v-gruziyu-zimoy/;L1 Spoke;СЧ
грузия зимой;https://sakhva-travel.com/tury-v-gruziyu-zimoy/;L1 Spoke;СЧ
тур на казбек;https://sakhva-travel.com/tury-na-kazbek/;L1 Spoke;СЧ
экскурсия казбеги;https://sakhva-travel.com/tury-na-kazbek/;L1 Spoke;СЧ
казбеги из тбилиси;https://sakhva-travel.com/tury-na-kazbek/;L1 Spoke;СЧ
туры в сванетию;https://sakhva-travel.com/tury-v-svaneti/;L1 Spoke;СЧ
тур в местию;https://sakhva-travel.com/tury-v-svaneti/;L1 Spoke;СЧ
сванетия тур;https://sakhva-travel.com/tury-v-svaneti/;L1 Spoke;СЧ
авторские туры в грузию;https://sakhva-travel.com/avtorskie-tury-gruzia/;L1 Тематич.;СЧ
авторские туры грузия;https://sakhva-travel.com/avtorskie-tury-gruzia/;L1 Тематич.;СЧ
горные туры грузия;https://sakhva-travel.com/gornye-tury-gruzia/;L1 Тематич.;СЧ
горный тур грузия;https://sakhva-travel.com/gornye-tury-gruzia/;L1 Тематич.;СЧ
многодневный тур грузия;https://sakhva-travel.com/mnogodnevnye-tury-gruzia/;L1 Тематич.;СЧ
тур по грузии на 7 дней;https://sakhva-travel.com/mnogodnevnye-tury-gruzia/;L1 Тематич.;СЧ
тур по грузии 3 дня;https://sakhva-travel.com/mnogodnevnye-tury-gruzia/;L1 Тематич.;СЧ
винные туры грузия;https://sakhva-travel.com/vinnye-tury-gruzia/;L1 Тематич.;СЧ
винный тур кахетия;https://sakhva-travel.com/vinnye-tury-gruzia/;L1 Тематич.;СЧ
дегустация вина грузия;https://sakhva-travel.com/vinnye-tury-gruzia/;L1 Тематич.;СЧ
туры в кахетию;https://sakhva-travel.com/kakheti/;L1 Регион;СЧ
кахетия экскурсия;https://sakhva-travel.com/kakheti/;L1 Регион;СЧ
туры в аджарию;https://sakhva-travel.com/adjara/;L1 Регион;СЧ
туры в имеретию;https://sakhva-travel.com/imereti/;L1 Регион;СЧ
мцхета казбеги тур;https://sakhva-travel.com/mtskheta-mtianeti/;L1 Регион;СЧ
тур гори уплисцихе;https://sakhva-travel.com/shida-kartli/;L1 Регион;СЧ
тур боржоми вардзия;https://sakhva-travel.com/samtskhe-javakheti/;L1 Регион;СЧ
туры в грузию из москвы;https://sakhva-travel.com/tury-v-gruziyu-iz-moskvy/;L1 Гео;СЧ
туры в грузию из спб;https://sakhva-travel.com/tury-v-gruziyu-iz-spb/;L1 Гео;СЧ
туры в грузию из санкт петербурга;https://sakhva-travel.com/tury-v-gruziyu-iz-spb/;L1 Гео;СЧ
туры в грузию из краснодара;https://sakhva-travel.com/tury-v-gruziyu-iz-krasnodara/;L1 Гео;СЧ
туры в грузию из екатеринбурга;https://sakhva-travel.com/tury-v-gruziyu-iz-ekaterinburga/;L1 Гео;СЧ
туры в грузию из казани;https://sakhva-travel.com/tury-v-gruziyu-iz-kazani/;L1 Гео;СЧ
туры в грузию из новосибирска;https://sakhva-travel.com/tury-v-gruziyu-iz-novosibirska/;L1 Гео;СЧ
туры в грузию из сочи;https://sakhva-travel.com/tury-v-gruziyu-iz-sochi/;L1 Гео;СЧ
туры в грузию из ростова;https://sakhva-travel.com/tury-v-gruziyu-iz-rostova/;L1 Гео;СЧ
туры в грузию из самары;https://sakhva-travel.com/tury-v-gruziyu-iz-samary/;L1 Гео;СЧ
туры в грузию из перми;https://sakhva-travel.com/tury-v-gruziyu-iz-permi/;L1 Гео;СЧ
туры в грузию из тюмени;https://sakhva-travel.com/tury-v-gruziyu-iz-tyumeni/;L1 Гео;СЧ
туры в грузию из воронежа;https://sakhva-travel.com/tury-v-gruziyu-iz-voronezha/;L1 Гео;СЧ
туры в грузию из челябинска;https://sakhva-travel.com/tury-v-gruziyu-iz-chelyabinska/;L1 Гео;СЧ
туры в грузию из владикавказа;https://sakhva-travel.com/tury-v-gruziyu-iz-vladikavkaza/;L1 Гео;СЧ
туры в грузию из пятигорска;https://sakhva-travel.com/tury-v-gruziyu-iz-pyatigorska/;L1 Гео;СЧ
туры в грузию из кисловодска;https://sakhva-travel.com/tury-v-gruziyu-iz-kislovodska/;L1 Гео;СЧ
туры в грузию из нальчика;https://sakhva-travel.com/tury-v-gruziyu-iz-nalchika/;L1 Гео;СЧ
туры в грузию из минска;https://sakhva-travel.com/tury-v-gruziyu-iz-minska/;L1 Гео;СЧ
туры в грузию из еревана;https://sakhva-travel.com/tury-v-gruziyu-iz-erevana/;L1 Гео;СЧ
туры в грузию из казахстана;https://sakhva-travel.com/tury-v-gruziyu-iz-kazahstana/;L1 Гео;СЧ
экскурсия старый тбилиси;https://sakhva-travel.com/ekskursiya/ekskursiya-stary-tbilisi/;L2 Экскурсия;НЧ
ночная экскурсия тбилиси;https://sakhva-travel.com/ekskursiya/nochnaya-ekskursiya-tbilisi/;L2 Экскурсия;НЧ
экскурсия казбеги из тбилиси;https://sakhva-travel.com/ekskursiya/ekskursiya-kazbegi-iz-tbilisi/;L2 Экскурсия;НЧ
экскурсия кахетия из тбилиси;https://sakhva-travel.com/ekskursiya/ekskursiya-kakheti-iz-tbilisi/;L2 Экскурсия;НЧ
экскурсия мцхета из тбилиси;https://sakhva-travel.com/ekskursiya/ekskursiya-mtskheta-iz-tbilisi/;L2 Экскурсия;НЧ
тур батуми из тбилиси;https://sakhva-travel.com/ekskursiya/tur-batumi-iz-tbilisi/;L2 Экскурсия;НЧ
экскурсия боржоми из тбилиси;https://sakhva-travel.com/ekskursiya/ekskursiya-borjomi-iz-tbilisi/;L2 Экскурсия;НЧ
экскурсия кутаиси из тбилиси;https://sakhva-travel.com/ekskursiya/tur-kutaisi-iz-tbilisi/;L2 Экскурсия;НЧ
гастрономический тур тбилиси;https://sakhva-travel.com/ekskursiya/gastronomicheskiy-tur-tbilisi/;L2 Экскурсия;НЧ
фототур тбилиси;https://sakhva-travel.com/ekskursiya/fotosessiya-tbilisi/;L2 Экскурсия;НЧ
арт тур тбилиси;https://sakhva-travel.com/ekskursiya/art-tur-tbilisi/;L2 Экскурсия;НЧ
советская архитектура тбилиси;https://sakhva-travel.com/ekskursiya/sovetskiy-tur-tbilisi/;L2 Экскурсия;НЧ
шоппинг тур тбилиси;https://sakhva-travel.com/ekskursiya/shopping-tur-tbilisi/;L2 Экскурсия;НЧ
экскурсия абанотубани;https://sakhva-travel.com/ekskursiya/ekskursiya-abanotubani/;L2 Экскурсия;НЧ
экскурсия мтацминда;https://sakhva-travel.com/ekskursiya/ekskursiya-mtatsminda/;L2 Экскурсия;НЧ
экскурсия нарикала;https://sakhva-travel.com/ekskursiya/ekskursiya-narikala/;L2 Экскурсия;НЧ
экскурсия сигнахи;https://sakhva-travel.com/ekskursiya/ekskursiya-sighnaghi-iz-tbilisi/;L2 Экскурсия;НЧ
экскурсия телави;https://sakhva-travel.com/ekskursiya/ekskursiya-telavi-iz-tbilisi/;L2 Экскурсия;НЧ
экскурсия гори уплисцихе;https://sakhva-travel.com/ekskursiya/ekskursiya-gori-iz-tbilisi/;L2 Экскурсия;НЧ
экскурсия вардзия;https://sakhva-travel.com/ekskursiya/ekskursiya-vardzia/;L2 Экскурсия;НЧ
экскурсия гудаури;https://sakhva-travel.com/ekskursiya/ekskursiya-gudauri-iz-tbilisi/;L2 Экскурсия;НЧ
экскурсия трусо;https://sakhva-travel.com/ekskursiya/ekskursiya-truso/;L2 Экскурсия;НЧ
экскурсия тушетия;https://sakhva-travel.com/ekskursiya/ekskursiya-tusheti/;L2 Экскурсия;НЧ
экскурсия джвари;https://sakhva-travel.com/ekskursiya/ekskursiya-jvari-iz-tbilisi/;L2 Экскурсия;НЧ
экскурсия ананури;https://sakhva-travel.com/ekskursiya/ekskursiya-ananuri-iz-tbilisi/;L2 Экскурсия;НЧ
экскурсия сванетия из тбилиси;https://sakhva-travel.com/ekskursiya/ekskursiya-svaneti-iz-tbilisi/;L2 Экскурсия;НЧ
тур сванетия 4 дня;https://sakhva-travel.com/ekskursiya/tur-svaneti-4-dnya/;L2 Экскурсия;НЧ
тур грузия 7 дней;https://sakhva-travel.com/ekskursiya/tur-gruziya-7-dney/;L2 Экскурсия;НЧ
тур грузия 3 дня;https://sakhva-travel.com/ekskursiya/tur-gruziya-3-dnya/;L2 Экскурсия;НЧ
тур грузия 5 дней;https://sakhva-travel.com/ekskursiya/tur-gruziya-5-dney/;L2 Экскурсия;НЧ
тур грузия 10 дней;https://sakhva-travel.com/ekskursiya/tur-gruziya-10-dney/;L2 Экскурсия;НЧ
тур грузия армения;https://sakhva-travel.com/ekskursiya/tur-gruziya-armeniya/;L2 Экскурсия;НЧ
тур по всей грузии;https://sakhva-travel.com/ekskursiya/tur-vsya-gruziya/;L2 Экскурсия;НЧ
семейный тур тбилиси;https://sakhva-travel.com/ekskursiya/family-tur-tbilisi/;L2 Экскурсия;НЧ
детский тур тбилиси;https://sakhva-travel.com/ekskursiya/tur-dlya-detey-tbilisi/;L2 Экскурсия;НЧ
тур для релокантов тбилиси;https://sakhva-travel.com/ekskursiya/tur-dlya-emigrantov-tbilisi/;L2 Экскурсия;НЧ
корпоративный тур тбилиси;https://sakhva-travel.com/ekskursiya/korporativniy-tur-tbilisi/;L2 Экскурсия;НЧ
романтический тур тбилиси;https://sakhva-travel.com/ekskursiya/romanticheskiy-tur-tbilisi/;L2 Экскурсия;НЧ
свадебный тур грузия;https://sakhva-travel.com/ekskursiya/svadebny-tur-gruziya/;L2 Экскурсия;НЧ
дегустация вина кахетия;https://sakhva-travel.com/ekskursiya/degustatsiya-vina-kakheti/;L2 Экскурсия;НЧ
тур квеври виноделие;https://sakhva-travel.com/ekskursiya/kvevri-vino-tur/;L2 Экскурсия;НЧ
алазанская долина вино;https://sakhva-travel.com/ekskursiya/vinniy-marshrut-alazani/;L2 Экскурсия;НЧ
киндзмараули вино тур;https://sakhva-travel.com/ekskursiya/vinodelie-kindzmarauli/;L2 Экскурсия;НЧ
мастер класс хачапури;https://sakhva-travel.com/ekskursiya/khachapuri-master-klass/;L2 Экскурсия;НЧ
мастер класс чача;https://sakhva-travel.com/ekskursiya/chacha-master-klass/;L2 Экскурсия;НЧ
трансфер аэропорт тбилиси;https://sakhva-travel.com/ekskursiya/transfer-aeroport-tbilisi/;L2 Экскурсия;НЧ
летний тур грузия;https://sakhva-travel.com/ekskursiya/tur-gruziya-leto/;L2 Экскурсия;НЧ
новогодний тур грузия;https://sakhva-travel.com/ekskursiya/tur-gruziya-noviy-god/;L2 Экскурсия;НЧ
тур для пенсионеров грузия;https://sakhva-travel.com/ekskursiya/tur-dlya-pensionerov-gruziya/;L2 Экскурсия;НЧ
тур батуми 2 дня;https://sakhva-travel.com/ekskursiya/tur-batumi-2-dnya/;L2 Экскурсия;НЧ
казбеги кахетия 2 дня;https://sakhva-travel.com/ekskursiya/tur-kazbegi-kakheti-2-dnya/;L2 Экскурсия;НЧ
приключенческий тур грузия;https://sakhva-travel.com/ekskursiya/priklyuchencheskiy-tur-gruziya/;L2 Экскурсия;НЧ
тур по храмам тбилиси;https://sakhva-travel.com/ekskursiya/tur-po-hramam-tbilisi/;L2 Экскурсия;НЧ
винный тур тбилиси;https://sakhva-travel.com/ekskursiya/vinniy-tur-tbilisi/;L2 Экскурсия;НЧ
тур группой тбилиси;https://sakhva-travel.com/ekskursiya/gruppa-10-chelovek-tbilisi/;L2 Экскурсия;НЧ
туры в грузию цены;https://sakhva-travel.com/prices/;Сервисная;СЧ
сколько стоит тур в грузию;https://sakhva-travel.com/prices/;Сервисная;СЧ
гид тбилиси цена;https://sakhva-travel.com/prices/;Сервисная;НЧ
